
Microenvironment summary: 
microenvironment: 
Microenvironment_private_data:
temporary_density_vectors1:
38 0.00288528 
38 0.00288524 
38 0.00288515 
38 0.00288502 
38 0.00288484 
38 0.00288461 
38 0.00288435 
38 0.00288404 
38 0.00288369 
38 0.0028833 
38 0.00288288 
38 0.00288242 
38 0.00288194 
38 0.00288144 
38 0.00288094 
38 0.00288043 
38 0.00287993 
38 0.00287945 
38 0.002879 
38 0.0028786 
38 0.00287824 
38 0.00287795 
38 0.00287773 
38 0.00287759 
38 0.00287752 
38 0.00287754 
38 0.00287764 
38 0.00287782 
38 0.00287808 
38 0.0028784 
38 0.00287877 
38 0.0028792 
38 0.00287966 
38 0.00288015 
38 0.00288065 
38 0.00288116 
38 0.00288166 
38 0.00288215 
38 0.00288262 
38 0.00288306 
38 0.00288347 
38 0.00288384 
38 0.00288418 
38 0.00288448 
38 0.00288473 
38 0.00288494 
38 0.00288511 
38 0.00288524 
38 0.00288532 
38 0.00288537 
38 0.00288524 
37.2007 0.00288519 
37.085 0.0028851 
36.9752 0.00288496 
36.8707 0.00288478 
36.7712 0.00288454 
36.6762 0.00288427 
36.5856 0.00288395 
36.499 0.00288358 
36.4165 0.00288318 
36.3377 0.00288273 
36.2629 0.00288226 
36.1919 0.00288176 
36.1248 0.00288124 
36.0618 0.00288071 
36.0031 0.00288018 
35.9489 0.00287966 
35.8994 0.00287915 
35.8551 0.00287868 
35.8162 0.00287826 
35.7832 0.00287789 
35.7563 0.00287758 
35.736 0.00287735 
35.7226 0.0028772 
35.716 0.00287713 
35.7163 0.00287715 
35.7234 0.00287726 
35.7374 0.00287745 
35.758 0.00287772 
35.785 0.00287805 
35.818 0.00287845 
35.8568 0.00287889 
35.901 0.00287938 
35.9502 0.00287989 
36.0042 0.00288041 
36.0626 0.00288094 
36.1254 0.00288147 
36.1922 0.00288198 
36.263 0.00288247 
36.3377 0.00288293 
36.4163 0.00288335 
36.4987 0.00288374 
36.5851 0.00288409 
36.6757 0.0028844 
36.7706 0.00288467 
36.8702 0.00288489 
36.9746 0.00288506 
37.0845 0.00288519 
37.2002 0.00288528 
38 0.00288533 
38 0.00288515 
37.0811 0.0028851 
36.9469 0.002885 
36.8194 0.00288485 
36.698 0.00288465 
36.5822 0.0028844 
36.4717 0.0028841 
36.3661 0.00288376 
36.2653 0.00288336 
36.169 0.00288293 
36.0772 0.00288245 
35.9898 0.00288194 
35.9068 0.00288139 
35.8284 0.00288083 
35.7547 0.00288025 
35.686 0.00287967 
35.6225 0.0028791 
35.5645 0.00287856 
35.5125 0.00287804 
35.4668 0.00287758 
35.4279 0.00287717 
35.3963 0.00287684 
35.3725 0.00287658 
35.3567 0.00287642 
35.349 0.00287635 
35.3493 0.00287637 
35.3578 0.00287649 
35.3742 0.0028767 
35.3984 0.00287699 
35.4301 0.00287736 
35.4689 0.00287779 
35.5145 0.00287828 
35.5663 0.00287881 
35.624 0.00287936 
35.6873 0.00287994 
35.7557 0.00288051 
35.8291 0.00288108 
35.9072 0.00288164 
35.9899 0.00288216 
36.0771 0.00288266 
36.1687 0.00288312 
36.2649 0.00288354 
36.3656 0.00288392 
36.4711 0.00288425 
36.5815 0.00288454 
36.6973 0.00288477 
36.8187 0.00288496 
36.9463 0.0028851 
37.0805 0.0028852 
38 0.00288524 
38 0.00288502 
36.9681 0.00288496 
36.8162 0.00288485 
36.6715 0.00288469 
36.5337 0.00288447 
36.4021 0.00288419 
36.2763 0.00288386 
36.1561 0.00288347 
36.0411 0.00288304 
35.9312 0.00288255 
35.8262 0.00288202 
35.7263 0.00288145 
35.6313 0.00288084 
35.5414 0.00288021 
35.4568 0.00287956 
35.3777 0.00287891 
35.3046 0.00287827 
35.2377 0.00287765 
35.1776 0.00287707 
35.1248 0.00287654 
35.0798 0.00287608 
35.0431 0.0028757 
35.0155 0.00287541 
34.9972 0.00287523 
34.9883 0.00287514 
34.9887 0.00287517 
34.9985 0.00287531 
35.0176 0.00287555 
35.0457 0.00287588 
35.0824 0.0028763 
35.1274 0.00287679 
35.18 0.00287734 
35.2399 0.00287794 
35.3064 0.00287857 
35.3792 0.00287921 
35.4579 0.00287986 
35.5421 0.0028805 
35.6317 0.00288112 
35.7264 0.00288171 
35.8261 0.00288226 
35.9308 0.00288278 
36.0406 0.00288324 
36.1554 0.00288366 
36.2756 0.00288403 
36.4013 0.00288434 
36.5328 0.0028846 
36.6707 0.00288481 
36.8154 0.00288497 
36.9675 0.00288507 
38 0.00288512 
38 0.00288484 
36.8612 0.00288478 
36.6921 0.00288465 
36.531 0.00288447 
36.3772 0.00288422 
36.2302 0.00288391 
36.0895 0.00288353 
35.9548 0.0028831 
35.8258 0.0028826 
35.7023 0.00288205 
35.5843 0.00288144 
35.4716 0.00288079 
35.3644 0.00288009 
35.2628 0.00287937 
35.167 0.00287862 
35.0774 0.00287787 
34.9942 0.00287713 
34.918 0.00287642 
34.8494 0.00287574 
34.789 0.00287513 
34.7374 0.0028746 
34.6953 0.00287415 
34.6637 0.00287382 
34.6427 0.0028736 
34.6325 0.00287351 
34.6331 0.00287354 
34.6444 0.0028737 
34.6663 0.00287398 
34.6986 0.00287437 
34.7407 0.00287486 
34.7922 0.00287544 
34.8524 0.00287608 
34.9206 0.00287677 
34.9964 0.0028775 
35.0791 0.00287824 
35.1683 0.00287898 
35.2637 0.00287972 
35.3649 0.00288042 
35.4717 0.0028811 
35.5841 0.00288173 
35.7019 0.00288231 
35.8251 0.00288284 
35.954 0.00288331 
36.0886 0.00288372 
36.2292 0.00288408 
36.3762 0.00288437 
36.5301 0.00288461 
36.6912 0.00288478 
36.8604 0.0028849 
38 0.00288496 
38 0.00288462 
36.7597 0.00288454 
36.5743 0.0028844 
36.3973 0.00288419 
36.228 0.00288391 
36.066 0.00288355 
35.9107 0.00288312 
35.7617 0.00288262 
35.6189 0.00288205 
35.4819 0.00288141 
35.3507 0.00288071 
35.2253 0.00287995 
35.1057 0.00287915 
34.9921 0.0028783 
34.8848 0.00287743 
34.7841 0.00287656 
34.6905 0.00287569 
34.6045 0.00287484 
34.5269 0.00287405 
34.4583 0.00287332 
34.3996 0.00287269 
34.3516 0.00287217 
34.3156 0.00287177 
34.2918 0.00287151 
34.2803 0.0028714 
34.2811 0.00287144 
34.294 0.00287163 
34.319 0.00287197 
34.3557 0.00287244 
34.4038 0.00287302 
34.4622 0.0028737 
34.5304 0.00287446 
34.6076 0.00287528 
34.6931 0.00287613 
34.7861 0.002877 
34.8863 0.00287787 
34.9931 0.00287872 
35.1062 0.00287955 
35.2253 0.00288033 
35.3504 0.00288105 
35.4813 0.00288172 
35.618 0.00288233 
35.7607 0.00288287 
35.9095 0.00288335 
36.0647 0.00288375 
36.2268 0.00288409 
36.3961 0.00288436 
36.5732 0.00288456 
36.7587 0.00288469 
38 0.00288476 
38 0.00288435 
36.6632 0.00288427 
36.4621 0.00288411 
36.2699 0.00288386 
36.0856 0.00288353 
35.909 0.00288312 
35.7393 0.00288262 
35.5764 0.00288204 
35.4198 0.00288138 
35.2694 0.00288064 
35.125 0.00287982 
34.9867 0.00287894 
34.8545 0.002878 
34.7287 0.002877 
34.6094 0.00287598 
34.4973 0.00287494 
34.3926 0.00287391 
34.2962 0.00287291 
34.2089 0.00287196 
34.1315 0.00287109 
34.065 0.00287033 
34.0106 0.0028697 
33.9698 0.00286923 
33.943 0.00286892 
33.93 0.00286879 
33.931 0.00286884 
33.9457 0.00286907 
33.9742 0.00286948 
34.0158 0.00287004 
34.0703 0.00287075 
34.1363 0.00287157 
34.2132 0.00287247 
34.2999 0.00287345 
34.3956 0.00287446 
34.4996 0.00287549 
34.6111 0.00287652 
34.7297 0.00287752 
34.8549 0.00287848 
34.9866 0.00287939 
35.1245 0.00288024 
35.2685 0.00288102 
35.4186 0.00288172 
35.575 0.00288235 
35.7379 0.00288289 
35.9074 0.00288336 
36.0841 0.00288375 
36.2684 0.00288406 
36.4608 0.00288428 
36.662 0.00288444 
38 0.00288451 
38 0.00288404 
36.5714 0.00288395 
36.3554 0.00288376 
36.1484 0.00288348 
35.9497 0.0028831 
35.7587 0.00288262 
35.5751 0.00288205 
35.3983 0.00288137 
35.2282 0.0028806 
35.0643 0.00287974 
34.9067 0.00287878 
34.7554 0.00287774 
34.6104 0.00287663 
34.4719 0.00287546 
34.3403 0.00287425 
34.216 0.00287302 
34.0998 0.00287179 
33.9922 0.00287059 
33.8944 0.00286945 
33.8073 0.00286841 
33.7323 0.00286749 
33.6706 0.00286673 
33.6246 0.00286615 
33.5945 0.00286577 
33.5801 0.00286562 
33.5814 0.00286568 
33.598 0.00286597 
33.6303 0.00286647 
33.6774 0.00286715 
33.7389 0.00286801 
33.8132 0.002869 
33.8995 0.00287009 
33.9966 0.00287126 
34.1032 0.00287247 
34.2186 0.0028737 
34.3421 0.00287491 
34.4729 0.00287609 
34.6107 0.00287722 
34.7551 0.00287829 
34.906 0.00287928 
35.0632 0.00288019 
35.2267 0.00288101 
35.3967 0.00288173 
35.5733 0.00288237 
35.7569 0.0028829 
35.9478 0.00288335 
36.1466 0.00288371 
36.3538 0.00288397 
36.57 0.00288414 
38 0.00288423 
38 0.00288369 
36.4841 0.00288358 
36.2537 0.00288337 
36.0325 0.00288304 
35.8198 0.0028826 
35.6151 0.00288205 
35.4177 0.00288138 
35.2274 0.0028806 
35.0437 0.00287971 
34.8665 0.0028787 
34.6956 0.00287758 
34.531 0.00287636 
34.3729 0.00287506 
34.2213 0.00287367 
34.0768 0.00287224 
33.9399 0.00287077 
33.8112 0.0028693 
33.6916 0.00286786 
33.5823 0.00286649 
33.4845 0.00286523 
33.4 0.00286411 
33.3301 0.00286318 
33.2782 0.00286248 
33.2446 0.00286202 
33.2286 0.00286183 
33.2303 0.00286192 
33.2492 0.00286227 
33.2857 0.00286288 
33.3389 0.00286372 
33.4083 0.00286476 
33.4918 0.00286597 
33.5885 0.00286729 
33.6967 0.00286869 
33.8152 0.00287014 
33.9428 0.00287161 
34.0787 0.00287305 
34.2223 0.00287444 
34.373 0.00287577 
34.5305 0.00287703 
34.6945 0.00287818 
34.865 0.00287924 
35.0418 0.00288019 
35.2253 0.00288103 
35.4155 0.00288176 
35.6128 0.00288239 
35.8176 0.0028829 
36.0304 0.00288331 
36.2518 0.00288361 
36.4824 0.00288381 
38 0.00288391 
38 0.0028833 
36.401 0.00288318 
36.157 0.00288293 
35.9222 0.00288255 
35.6959 0.00288205 
35.4777 0.00288141 
35.267 0.00288064 
35.0633 0.00287974 
34.8662 0.0028787 
34.6756 0.00287753 
34.4913 0.00287622 
34.3133 0.0028748 
34.1417 0.00287326 
33.9766 0.00287163 
33.8186 0.00286992 
33.6681 0.00286818 
33.5261 0.00286642 
33.3934 0.00286469 
33.2715 0.00286304 
33.1618 0.00286151 
33.0664 0.00286015 
32.9873 0.00285902 
32.9288 0.00285815 
32.8914 0.0028576 
32.8737 0.00285737 
32.8759 0.00285747 
32.8973 0.00285791 
32.9387 0.00285867 
32.9987 0.0028597 
33.077 0.00286098 
33.1708 0.00286244 
33.279 0.00286404 
33.3995 0.00286573 
33.5307 0.00286747 
33.6714 0.00286921 
33.8205 0.00287092 
33.9775 0.00287257 
34.1416 0.00287413 
34.3124 0.00287559 
34.4898 0.00287695 
34.6736 0.00287817 
34.8639 0.00287928 
35.0606 0.00288025 
35.2642 0.00288109 
35.475 0.00288181 
35.6933 0.0028824 
35.9196 0.00288287 
36.1547 0.00288322 
36.399 0.00288345 
38 0.00288356 
38 0.00288288 
36.3222 0.00288274 
36.065 0.00288245 
35.8171 0.00288202 
35.5779 0.00288144 
35.3466 0.00288071 
35.1228 0.00287983 
34.9059 0.00287879 
34.6956 0.00287758 
34.4917 0.00287622 
34.2939 0.00287471 
34.1021 0.00287304 
33.9166 0.00287124 
33.7375 0.00286932 
33.5652 0.00286731 
33.4004 0.00286523 
33.244 0.00286314 
33.0969 0.00286106 
32.9609 0.00285906 
32.8378 0.0028572 
32.73 0.00285555 
32.64 0.00285416 
32.5741 0.0028531 
32.5325 0.00285241 
32.5131 0.00285213 
32.5161 0.00285227 
32.5403 0.00285282 
32.5872 0.00285375 
32.655 0.00285503 
32.7435 0.00285659 
32.8488 0.00285837 
32.9699 0.00286032 
33.104 0.00286235 
33.2492 0.00286443 
33.4039 0.0028665 
33.5672 0.00286852 
33.7382 0.00287046 
33.9162 0.00287229 
34.1008 0.002874 
34.2918 0.00287557 
34.4891 0.00287699 
34.6926 0.00287827 
34.9027 0.00287939 
35.1194 0.00288036 
35.3433 0.00288118 
35.5747 0.00288185 
35.8141 0.00288239 
36.0623 0.00288278 
36.3198 0.00288305 
38 0.00288318 
38 0.00288242 
36.2474 0.00288226 
35.9778 0.00288194 
35.7174 0.00288145 
35.4656 0.00288079 
35.2217 0.00287996 
34.9851 0.00287894 
34.7553 0.00287775 
34.5319 0.00287637 
34.3146 0.0028748 
34.1032 0.00287304 
33.8975 0.00287111 
33.6977 0.00286901 
33.5039 0.00286676 
33.3166 0.00286439 
33.1364 0.00286194 
32.9643 0.00285943 
32.8014 0.00285694 
32.6496 0.00285453 
32.5111 0.00285226 
32.3889 0.00285023 
32.286 0.00284852 
32.2117 0.0028472 
32.1656 0.00284636 
32.1444 0.00284602 
32.1484 0.0028462 
32.1758 0.00284689 
32.2291 0.00284805 
32.3059 0.00284963 
32.4062 0.00285156 
32.5246 0.00285374 
32.6603 0.00285609 
32.8096 0.00285855 
32.9701 0.00286103 
33.1402 0.00286348 
33.3185 0.00286586 
33.5042 0.00286814 
33.6967 0.00287027 
33.8955 0.00287226 
34.1004 0.00287407 
34.3112 0.00287571 
34.5282 0.00287717 
34.7513 0.00287845 
34.981 0.00287956 
35.2177 0.00288049 
35.4618 0.00288126 
35.7138 0.00288187 
35.9746 0.00288232 
36.2446 0.00288262 
38 0.00288277 
38 0.00288194 
36.1768 0.00288176 
35.8954 0.00288139 
35.6231 0.00288084 
35.3592 0.00288009 
35.1031 0.00287915 
34.8541 0.002878 
34.6116 0.00287664 
34.3753 0.00287506 
34.1446 0.00287326 
33.9195 0.00287125 
33.6996 0.00286902 
33.485 0.00286658 
33.2759 0.00286396 
33.0727 0.00286118 
32.876 0.00285828 
32.6867 0.0028553 
32.5061 0.00285232 
32.3364 0.00284939 
32.1802 0.00284663 
32.0411 0.00284412 
31.9228 0.00284199 
31.8388 0.00284035 
31.7879 0.0028393 
31.7649 0.00283889 
31.7703 0.00283913 
31.8012 0.00284 
31.862 0.00284146 
31.9491 0.00284343 
32.0632 0.00284581 
32.1968 0.00284849 
32.3491 0.00285135 
32.5156 0.0028543 
32.6931 0.00285726 
32.8798 0.00286016 
33.0743 0.00286295 
33.2757 0.0028656 
33.4834 0.00286808 
33.6968 0.00287037 
33.9158 0.00287246 
34.1403 0.00287433 
34.3706 0.002876 
34.6067 0.00287746 
34.8491 0.00287871 
35.0982 0.00287977 
35.3546 0.00288064 
35.6188 0.00288132 
35.8915 0.00288183 
36.1735 0.00288217 
38 0.00288233 
38 0.00288144 
36.1104 0.00288124 
35.8178 0.00288083 
35.5341 0.00288021 
35.2588 0.00287937 
34.9909 0.00287831 
34.7298 0.00287701 
34.475 0.00287547 
34.2259 0.00287368 
33.982 0.00287163 
33.7431 0.00286933 
33.5087 0.00286677 
33.279 0.00286396 
33.0539 0.00286092 
32.8337 0.00285768 
32.6192 0.00285427 
32.411 0.00285074 
32.2107 0.00284716 
32.0205 0.00284362 
31.8435 0.00284022 
31.6843 0.0028371 
31.5471 0.00283443 
31.4519 0.00283237 
31.3962 0.00283106 
31.3715 0.00283056 
31.3788 0.00283089 
31.4137 0.002832 
31.4832 0.00283384 
31.5822 0.00283632 
31.7127 0.00283929 
31.8638 0.00284259 
32.0354 0.00284606 
32.2214 0.00284961 
32.4179 0.00285312 
32.6229 0.00285654 
32.8349 0.00285981 
33.0529 0.00286288 
33.2763 0.00286574 
33.5048 0.00286836 
33.7382 0.00287074 
33.9766 0.00287288 
34.2201 0.00287476 
34.4691 0.00287641 
34.7239 0.00287782 
34.9851 0.00287901 
35.2533 0.00287999 
35.5291 0.00288076 
35.8133 0.00288132 
36.1065 0.0028817 
38 0.00288189 
38 0.00288094 
36.0484 0.00288071 
35.7452 0.00288025 
35.4508 0.00287956 
35.1645 0.00287862 
34.8854 0.00287744 
34.6128 0.00287598 
34.346 0.00287426 
34.0843 0.00287224 
33.8273 0.00286993 
33.5744 0.00286732 
33.3254 0.0028644 
33.08 0.00286119 
32.8382 0.00285768 
32.6002 0.00285392 
32.3663 0.00284993 
32.1374 0.00284575 
31.9148 0.00284147 
31.7009 0.00283717 
31.4995 0.00283297 
31.316 0.00282904 
31.1555 0.00282564 
31.0473 0.00282302 
30.9868 0.00282138 
30.9606 0.00282079 
30.9705 0.00282127 
31.0098 0.00282269 
31.0895 0.00282502 
31.2025 0.00282818 
31.3526 0.00283192 
31.5242 0.002836 
31.7183 0.00284024 
31.9267 0.00284449 
32.1446 0.00284865 
32.3696 0.00285266 
32.6004 0.00285645 
32.8361 0.00286 
33.0761 0.00286327 
33.3201 0.00286626 
33.5682 0.00286896 
33.8204 0.00287136 
34.0771 0.00287348 
34.3387 0.00287533 
34.6056 0.00287691 
34.8786 0.00287824 
35.1581 0.00287932 
35.445 0.00288017 
35.7399 0.00288081 
36.0438 0.00288122 
38 0.00288143 
38 0.00288042 
35.9908 0.00288017 
35.6778 0.00287967 
35.3734 0.0028789 
35.0768 0.00287787 
34.787 0.00287655 
34.5033 0.00287494 
34.2248 0.00287302 
33.951 0.00287077 
33.681 0.00286818 
33.4144 0.00286524 
33.1505 0.00286195 
32.8891 0.00285829 
32.6299 0.00285428 
32.3729 0.00284994 
32.1182 0.00284529 
31.8664 0.00284038 
31.6184 0.00283526 
31.3771 0.00283002 
31.1466 0.0028248 
30.9334 0.00281981 
30.7436 0.00281536 
30.6202 0.00281199 
30.5554 0.00280993 
30.5283 0.00280925 
30.5416 0.00281004 
30.5856 0.00281185 
30.6775 0.00281477 
30.8069 0.00281889 
30.9807 0.00282366 
31.1765 0.00282873 
31.397 0.00283388 
31.6313 0.00283897 
31.8734 0.00284388 
32.1206 0.00284855 
32.3718 0.00285293 
32.6261 0.00285699 
32.8834 0.00286071 
33.1434 0.00286409 
33.4063 0.00286712 
33.6724 0.00286981 
33.9422 0.00287218 
34.2161 0.00287423 
34.4947 0.00287599 
34.7789 0.00287745 
35.0692 0.00287865 
35.3665 0.00287959 
35.6717 0.00288029 
35.9855 0.00288074 
38 0.00288097 
38 0.00287992 
35.9379 0.00287965 
35.6158 0.0028791 
35.3021 0.00287826 
34.9959 0.00287712 
34.696 0.00287568 
34.4018 0.00287391 
34.1123 0.00287178 
33.8266 0.0028693 
33.544 0.00286642 
33.2637 0.00286314 
32.9851 0.00285944 
32.7074 0.00285532 
32.4301 0.00285077 
32.153 0.00284579 
31.8759 0.00284041 
31.5987 0.00283466 
31.322 0.00282857 
31.0487 0.00282221 
30.7832 0.0028157 
30.5334 0.00280926 
30.3059 0.00280324 
30.165 0.00279884 
30.097 0.00279631 
29.8163 0.00279538 
30.088 0.00279702 
30.1368 0.00279924 
30.243 0.00280271 
30.3917 0.00280834 
30.5945 0.00281451 
30.8189 0.00282081 
31.0709 0.00282705 
31.3355 0.0028331 
31.6049 0.00283887 
31.8768 0.00284428 
32.1499 0.0028493 
32.4241 0.00285391 
32.6993 0.00285811 
32.9756 0.00286189 
33.2535 0.00286527 
33.5333 0.00286826 
33.8159 0.00287088 
34.1018 0.00287314 
34.3917 0.00287507 
34.6865 0.00287668 
34.9871 0.00287799 
35.2942 0.00287902 
35.6088 0.00287978 
35.9318 0.00288027 
38 0.00288052 
38 0.00287944 
35.8899 0.00287914 
35.5596 0.00287854 
35.2374 0.00287763 
34.9222 0.0028764 
34.6131 0.00287483 
34.309 0.0028729 
34.0091 0.00287058 
33.7122 0.00286785 
33.4174 0.00286468 
33.1238 0.00286106 
32.8304 0.00285695 
32.5363 0.00285234 
32.2407 0.00284721 
31.9426 0.00284156 
31.6414 0.00283539 
31.3363 0.0028287 
31.027 0.0028215 
30.7164 0.00281383 
30.4088 0.00280574 
30.114 0.00279743 
28.8579 0.00278829 
28.4359 0.00278252 
29.0484 0.00277971 
29.2893 0.00278046 
29.6119 0.00278254 
29.3334 0.00278458 
29.4535 0.00278739 
29.9544 0.00279659 
30.1926 0.00280462 
30.4507 0.00281237 
30.7401 0.00281985 
31.0401 0.00282699 
31.3407 0.00283369 
31.6397 0.00283991 
31.9365 0.00284562 
32.2316 0.00285081 
32.5252 0.00285551 
32.8181 0.00285971 
33.1108 0.00286345 
33.4042 0.00286674 
33.6992 0.00286961 
33.9965 0.00287208 
34.2971 0.00287418 
34.602 0.00287593 
34.912 0.00287735 
35.2282 0.00287846 
35.5515 0.00287928 
35.8829 0.00287982 
38 0.00288009 
38 0.00287898 
35.8471 0.00287866 
35.5095 0.00287802 
35.1796 0.00287705 
34.8564 0.00287572 
34.5388 0.00287402 
34.2258 0.00287194 
33.9162 0.00286943 
33.6089 0.00286646 
33.3027 0.00286301 
32.9966 0.00285904 
32.6893 0.00285452 
32.3797 0.00284941 
32.0663 0.00284369 
31.7481 0.00283734 
31.4236 0.00283032 
31.0915 0.00282263 
30.7507 0.00281423 
30.4047 0.0028051 
30.0596 0.00279523 
29.4004 0.00278512 
29.1198 0.00277625 
29.0349 0.00277053 
28.8625 0.0027669 
28.8827 0.00276498 
28.8332 0.00276705 
27.6954 0.00277023 
29.1822 0.00277736 
27.521 0.00278481 
29.7873 0.00279446 
30.0798 0.0028036 
30.4109 0.00281242 
30.7503 0.00282075 
31.0851 0.00282847 
31.4131 0.00283555 
31.7348 0.00284198 
32.0512 0.00284778 
32.3634 0.00285298 
32.6726 0.00285761 
32.9798 0.0028617 
33.2863 0.00286528 
33.593 0.0028684 
33.9012 0.00287107 
34.2118 0.00287333 
34.5259 0.00287522 
34.8447 0.00287675 
35.1691 0.00287794 
35.5002 0.00287882 
35.8392 0.0028794 
38 0.00287969 
38 0.00287857 
35.8099 0.00287823 
35.4658 0.00287755 
35.1292 0.00287651 
34.7989 0.00287509 
34.4738 0.00287329 
34.1527 0.00287105 
33.8344 0.00286836 
33.5177 0.00286518 
33.2012 0.00286145 
32.8835 0.00285715 
32.5632 0.00285223 
32.2387 0.00284663 
31.9083 0.00284032 
31.5702 0.00283324 
31.2225 0.00282535 
30.8628 0.00281662 
30.4888 0.00280698 
30.1053 0.00279631 
29.4146 0.00278369 
29.0344 0.00277466 
26.8869 0.00276174 
28.6661 0.00275888 
28.1896 0.00275356 
28.4438 0.00275094 
28.2177 0.00275259 
28.5408 0.00275961 
28.5735 0.00276532 
28.8382 0.00277439 
29.1105 0.002784 
29.4137 0.00279457 
29.8012 0.0028049 
30.4841 0.00281453 
30.8509 0.00282334 
31.2064 0.00283131 
31.5514 0.00283848 
31.888 0.00284489 
32.2177 0.00285059 
32.5422 0.00285564 
32.8629 0.00286007 
33.1814 0.00286393 
33.4989 0.00286728 
33.8169 0.00287014 
34.1365 0.00287256 
34.459 0.00287457 
34.7855 0.0028762 
35.1172 0.00287747 
35.4553 0.0028784 
35.8009 0.00287902 
38 0.00287932 
38 0.0028782 
35.7784 0.00287785 
35.4289 0.00287713 
35.0865 0.00287603 
34.7502 0.00287454 
34.4187 0.00287263 
34.0907 0.00287027 
33.7649 0.00286742 
33.44 0.00286403 
33.1144 0.00286006 
32.7866 0.00285545 
32.4549 0.00285015 
32.1174 0.00284409 
31.7721 0.0028372 
31.4165 0.00282941 
31.0482 0.00282065 
30.6642 0.00281086 
30.2609 0.00280007 
29.8465 0.0027884 
28.7843 0.00277593 
28.744 0.00276603 
27.3565 0.0027549 
25.4579 0.00274865 
28.169 0.002745 
27.4532 0.00273771 
28.0886 0.00274374 
28.2256 0.00275082 
27.0935 0.00275603 
28.5168 0.0027646 
28.795 0.00277373 
28.8569 0.002785 
29.8383 0.00279752 
30.246 0.00280857 
30.6423 0.00281848 
31.0232 0.00282735 
31.3899 0.00283525 
31.7449 0.00284224 
32.0905 0.00284842 
32.4288 0.00285385 
32.7617 0.0028586 
33.0909 0.00286273 
33.418 0.00286628 
33.7446 0.00286932 
34.0721 0.00287188 
34.4018 0.002874 
34.7351 0.00287571 
35.0731 0.00287705 
35.4172 0.00287803 
35.7684 0.00287868 
38 0.002879 
38 0.0028779 
35.753 0.00287753 
35.399 0.00287678 
35.052 0.00287564 
34.7108 0.00287408 
34.3741 0.00287208 
34.0405 0.00286961 
33.7086 0.00286662 
33.377 0.00286306 
33.0441 0.00285887 
32.7081 0.002854 
32.3672 0.00284836 
32.0192 0.00284188 
31.6619 0.00283446 
31.2926 0.00282599 
30.9084 0.00281635 
30.506 0.00280545 
30.0813 0.00279331 
29.0985 0.00278018 
28.9719 0.00276942 
28.5748 0.00275965 
28.0635 0.00275004 
28.1162 0.00274295 
27.6964 0.00273951 
27.8288 0.00273698 
27.8557 0.00273856 
26.5565 0.00274234 
28.1007 0.00274886 
28.0137 0.00275707 
28.5425 0.00276708 
27.5954 0.00277757 
29.2733 0.00279078 
30.0383 0.0028032 
30.462 0.00281411 
30.8663 0.00282382 
31.2526 0.00283239 
31.6241 0.00283994 
31.9838 0.00284655 
32.3342 0.00285233 
32.6776 0.00285736 
33.016 0.00286171 
33.3513 0.00286545 
33.6852 0.00286863 
34.0193 0.00287131 
34.355 0.00287352 
34.6939 0.00287531 
35.0371 0.0028767 
35.3861 0.00287773 
35.7419 0.0028784 
38 0.00287873 
38 0.00287766 
35.7338 0.00287728 
35.3765 0.00287651 
35.026 0.00287533 
34.6811 0.00287372 
34.3404 0.00287166 
34.0025 0.0028691 
33.666 0.002866 
33.3293 0.0028623 
32.9906 0.00285794 
32.6482 0.00285286 
32.3 0.00284695 
31.9437 0.00284012 
31.5767 0.00283225 
31.1962 0.00282318 
30.7986 0.00281271 
30.3801 0.0028006 
29.6632 0.00278658 
29.2135 0.00277321 
28.7413 0.00276271 
28.1683 0.00275185 
26.6307 0.00274366 
27.4208 0.00273609 
27.4309 0.00273384 
27.7284 0.00273344 
26.0644 0.00273115 
27.6959 0.00273955 
27.6501 0.00274669 
28.1612 0.00275374 
28.4221 0.00276285 
28.0523 0.0027726 
29.1201 0.00278649 
29.8841 0.00279873 
30.3259 0.00281042 
30.7469 0.00282086 
31.1476 0.00283005 
31.5314 0.00283807 
31.9018 0.00284506 
32.2615 0.00285113 
32.6129 0.00285638 
32.9585 0.00286091 
33.3001 0.0028648 
33.6397 0.0028681 
33.9789 0.00287086 
34.3193 0.00287315 
34.6625 0.002875 
35.0097 0.00287644 
35.3624 0.00287749 
35.7218 0.00287818 
38 0.00287853 
38 0.0028775 
35.7211 0.00287711 
35.3616 0.00287632 
35.0088 0.00287512 
34.6614 0.00287348 
34.318 0.00287137 
33.9773 0.00286875 
33.6377 0.00286557 
33.2977 0.00286178 
32.9553 0.0028573 
32.6088 0.00285207 
32.2559 0.00284598 
31.8943 0.00283891 
31.5212 0.00283072 
31.1336 0.00282121 
30.7278 0.00281009 
30.2997 0.00279687 
29.5129 0.0027797 
29.1073 0.00276858 
28.6381 0.0027573 
27.6246 0.00274787 
26.4387 0.00273917 
27.7018 0.00273347 
27.7218 0.00273188 
27.4974 0.00273117 
27.358 0.00273079 
27.5705 0.002736 
27.6892 0.0027436 
27.9513 0.00275121 
26.5594 0.00275802 
28.5701 0.00277131 
29.0842 0.00278273 
29.3734 0.00279393 
30.2245 0.0028074 
30.6596 0.00281862 
31.0718 0.00282834 
31.4654 0.00283675 
31.844 0.00284402 
32.2106 0.0028503 
32.568 0.00285571 
32.9187 0.00286037 
33.2649 0.00286436 
33.6085 0.00286773 
33.9513 0.00287057 
34.295 0.0028729 
34.6411 0.00287479 
34.9911 0.00287626 
35.3463 0.00287733 
35.7081 0.00287804 
38 0.00287839 
38 0.00287742 
35.715 0.00287703 
35.3544 0.00287623 
35.0004 0.00287501 
34.6519 0.00287336 
34.3073 0.00287122 
33.9653 0.00286857 
33.6243 0.00286536 
33.2827 0.00286152 
32.9387 0.00285699 
32.5904 0.00285168 
32.2356 0.00284549 
31.8719 0.00283831 
31.4965 0.00282998 
31.1064 0.0028203 
30.6981 0.00280903 
30.2673 0.00279584 
29.5887 0.00278034 
28.7941 0.00276407 
28.7478 0.00275605 
28.0698 0.00274667 
26.5907 0.00273878 
27.1761 0.00273288 
27.5023 0.00273029 
26.0839 0.00272983 
27.3311 0.00272863 
27.5457 0.00273427 
26.0398 0.00273953 
27.6003 0.00274795 
28.2663 0.00275918 
28.518 0.00277038 
28.9401 0.00278177 
29.5426 0.00279349 
30.1697 0.00280573 
30.6125 0.00281734 
31.0312 0.00282742 
31.4302 0.00283606 
31.8132 0.00284349 
32.1837 0.00284989 
32.5444 0.00285539 
32.898 0.00286011 
33.2466 0.00286414 
33.5923 0.00286756 
33.937 0.00287042 
34.2824 0.00287278 
34.6301 0.00287469 
34.9815 0.00287617 
35.3381 0.00287726 
35.7011 0.00287797 
38 0.00287832 
38 0.00287743 
35.7154 0.00287703 
35.3549 0.00287623 
35.001 0.00287502 
34.6526 0.00287336 
34.3082 0.00287123 
33.9664 0.00286858 
33.6257 0.00286537 
33.2844 0.00286153 
32.9409 0.002857 
32.5931 0.0028517 
32.2391 0.00284552 
31.8765 0.00283835 
31.5026 0.00283005 
31.1146 0.00282042 
30.709 0.00280927 
30.2822 0.00279636 
29.6308 0.00278162 
29.2363 0.00276754 
28.4918 0.00275605 
28.2838 0.00274585 
27.5669 0.00273915 
27.9032 0.00273376 
27.255 0.00273042 
27.1767 0.00272748 
27.1124 0.00272946 
25.8957 0.00273489 
26.6417 0.00274036 
27.7148 0.00274901 
27.8345 0.00275885 
28.4765 0.0027704 
28.8993 0.00278137 
29.3553 0.00279313 
29.8154 0.00280369 
30.5988 0.00281698 
31.0215 0.00282736 
31.4232 0.00283609 
31.8082 0.00284354 
32.1801 0.00284993 
32.5418 0.00285542 
32.896 0.00286014 
33.2451 0.00286417 
33.5912 0.00286758 
33.9362 0.00287044 
34.2818 0.0028728 
34.6296 0.0028747 
34.9811 0.00287618 
35.3378 0.00287726 
35.7009 0.00287798 
38 0.00287833 
38 0.00287751 
35.7223 0.00287712 
35.3631 0.00287633 
35.0105 0.00287513 
34.6635 0.00287349 
34.3206 0.00287138 
33.9804 0.00286876 
33.6415 0.00286559 
33.3023 0.00286181 
32.9611 0.00285735 
32.6159 0.00285213 
32.2649 0.00284606 
31.9057 0.00283903 
31.5357 0.0028309 
31.1523 0.00282151 
30.7522 0.00281063 
30.3316 0.00279795 
29.6482 0.00278257 
29.111 0.0027687 
28.7227 0.00275696 
28.2911 0.00274671 
26.4808 0.00273963 
27.4011 0.00273424 
27.6002 0.00273264 
27.5375 0.0027309 
27.6085 0.00273278 
27.4368 0.00273853 
27.6569 0.00274413 
27.9183 0.00275173 
26.6938 0.00276013 
28.4091 0.00277064 
28.7135 0.00278217 
29.4492 0.00279481 
30.1875 0.00280724 
30.6325 0.00281862 
31.052 0.00282845 
31.4508 0.00283689 
31.833 0.00284416 
32.2024 0.00285043 
32.5619 0.00285582 
32.914 0.00286046 
33.2613 0.00286443 
33.6057 0.00286779 
33.9491 0.00287061 
34.2933 0.00287294 
34.6398 0.00287482 
34.99 0.00287628 
35.3455 0.00287735 
35.7074 0.00287806 
38 0.00287841 
38 0.00287767 
35.7358 0.00287729 
35.3789 0.00287652 
35.0288 0.00287534 
34.6844 0.00287374 
34.3444 0.00287168 
34.0073 0.00286912 
33.6719 0.00286603 
33.3364 0.00286235 
32.9994 0.00285801 
32.659 0.00285294 
32.3133 0.00284707 
31.9603 0.00284029 
31.5976 0.00283249 
31.2226 0.00282352 
30.8324 0.00281321 
30.4237 0.00280132 
29.9926 0.00278758 
28.9164 0.00277128 
28.8131 0.00276269 
28.4219 0.00275346 
28.1488 0.002746 
27.8756 0.00274081 
27.6899 0.0027365 
27.4413 0.00273365 
26.0315 0.00273653 
27.6052 0.0027432 
27.7198 0.0027486 
28.0252 0.00275593 
27.0065 0.00276414 
27.4396 0.00277391 
29.0679 0.00278739 
29.5235 0.00279943 
30.2723 0.00281082 
30.7078 0.00282121 
31.1188 0.00283037 
31.5102 0.00283837 
31.8859 0.00284532 
32.2495 0.00285135 
32.6039 0.00285656 
32.9515 0.00286106 
33.2948 0.00286492 
33.6355 0.00286819 
33.9756 0.00287094 
34.3168 0.00287321 
34.6604 0.00287505 
35.0081 0.00287648 
35.3611 0.00287753 
35.7207 0.00287822 
38 0.00287856 
38 0.00287791 
35.7556 0.00287754 
35.4021 0.00287679 
35.0557 0.00287565 
34.7152 0.0028741 
34.3793 0.00287211 
34.0467 0.00286965 
33.7161 0.00286666 
33.386 0.00286312 
33.0549 0.00285896 
32.7212 0.00285411 
32.383 0.00284851 
32.0386 0.00284208 
31.6856 0.00283471 
31.3219 0.00282632 
30.9448 0.00281676 
30.5512 0.0028059 
30.1378 0.00279361 
29.4735 0.00277942 
29.0615 0.00276931 
28.5838 0.0027587 
28.3457 0.00275183 
28.0176 0.00274682 
24.7904 0.00274134 
27.042 0.00274104 
27.7413 0.00274313 
27.876 0.00274827 
26.2887 0.00275211 
28.1016 0.00276019 
28.2576 0.00276947 
27.2111 0.00278002 
29.5361 0.00279303 
29.6796 0.00280398 
30.4139 0.00281487 
30.8302 0.00282444 
31.2253 0.00283292 
31.6033 0.00284038 
31.9679 0.00284693 
32.3219 0.00285264 
32.668 0.00285761 
33.0085 0.00286191 
33.3454 0.00286561 
33.6805 0.00286876 
34.0155 0.00287141 
34.352 0.00287361 
34.6915 0.00287538 
35.0352 0.00287676 
35.3845 0.00287778 
35.7406 0.00287844 
38 0.00287877 
38 0.00287822 
35.7815 0.00287786 
35.4326 0.00287714 
35.0909 0.00287605 
34.7554 0.00287457 
34.4249 0.00287266 
34.0981 0.00287031 
33.7737 0.00286747 
33.4504 0.0028641 
33.1269 0.00286015 
32.8016 0.00285557 
32.4729 0.00285031 
32.1391 0.00284429 
31.7983 0.00283745 
31.4485 0.00282971 
31.0874 0.00282102 
30.7123 0.00281129 
30.3203 0.00280057 
29.9148 0.00278905 
29.1843 0.00277779 
27.1241 0.0027668 
28.579 0.00276045 
28.3576 0.00275424 
28.1082 0.00274992 
27.3014 0.00274634 
27.8673 0.00274867 
28.0035 0.0027548 
28.5764 0.00276155 
28.5271 0.00276891 
28.765 0.00277888 
29.1304 0.00278891 
29.4708 0.00279997 
30.2068 0.00281012 
30.6104 0.00281962 
30.9977 0.00282823 
31.3695 0.00283596 
31.7285 0.00284283 
32.0773 0.0028489 
32.4181 0.00285424 
32.753 0.00285891 
33.0838 0.00286298 
33.4123 0.00286648 
33.7399 0.00286948 
34.0683 0.00287201 
34.3987 0.0028741 
34.7325 0.0028758 
35.071 0.00287712 
35.4154 0.00287809 
35.767 0.00287873 
38 0.00287905 
38 0.00287858 
35.8134 0.00287824 
35.47 0.00287756 
35.1342 0.00287653 
34.8048 0.00287512 
34.4807 0.00287332 
34.1609 0.0028711 
33.8441 0.00286842 
33.5291 0.00286525 
33.2146 0.00286155 
32.8994 0.00285728 
32.5821 0.00285239 
32.2612 0.00284683 
31.9352 0.00284056 
31.6024 0.00283353 
31.2612 0.0028257 
30.9094 0.00281707 
30.5449 0.00280764 
30.1698 0.00279749 
29.481 0.00278648 
29.1057 0.0027769 
27.4693 0.00276895 
28.453 0.00276344 
28.4706 0.00275835 
28.0726 0.00275654 
27.2752 0.00275969 
28.6715 0.0027647 
28.3904 0.00276972 
28.9001 0.00277868 
29.1064 0.00278781 
29.1951 0.00279731 
30.094 0.00280724 
30.4634 0.00281629 
30.832 0.00282469 
31.1898 0.00283237 
31.5371 0.00283933 
31.8757 0.00284557 
32.2072 0.00285114 
32.5333 0.00285608 
32.8554 0.00286042 
33.1751 0.00286422 
33.4936 0.00286751 
33.8124 0.00287033 
34.1327 0.00287271 
34.4558 0.00287469 
34.7829 0.00287629 
35.115 0.00287755 
35.4535 0.00287847 
35.7994 0.00287908 
38 0.00287938 
38 0.002879 
35.851 0.00287868 
35.5141 0.00287804 
35.185 0.00287707 
34.8628 0.00287575 
34.5463 0.00287406 
34.2345 0.00287198 
33.9264 0.00286948 
33.6208 0.00286654 
33.3168 0.00286311 
33.0131 0.00285917 
32.7087 0.00285467 
32.4024 0.0028496 
32.0931 0.00284392 
31.7797 0.0028376 
31.461 0.00283064 
31.136 0.00282303 
30.8035 0.00281482 
30.4654 0.00280607 
30.129 0.00279692 
29.8045 0.00278782 
29.2415 0.0027781 
29.1067 0.00277441 
28.978 0.00277149 
28.5432 0.00277005 
27.662 0.00277147 
28.8376 0.00277475 
29.0842 0.00278182 
28.9579 0.00278906 
29.8102 0.00279808 
30.0862 0.00280648 
30.4117 0.00281474 
30.7427 0.00282258 
31.0756 0.00282991 
31.4033 0.0028367 
31.7252 0.0028429 
32.0422 0.00284853 
32.3553 0.00285358 
32.6653 0.0028581 
32.9734 0.00286209 
33.2807 0.0028656 
33.5882 0.00286865 
33.897 0.00287127 
34.2082 0.0028735 
34.5229 0.00287535 
34.8421 0.00287685 
35.1669 0.00287803 
35.4984 0.0028789 
35.8376 0.00287947 
38 0.00287975 
38 0.00287945 
35.894 0.00287916 
35.5645 0.00287856 
35.2431 0.00287766 
34.9289 0.00287643 
34.6209 0.00287487 
34.3181 0.00287294 
34.0196 0.00287063 
33.7244 0.00286792 
33.4315 0.00286478 
33.1402 0.00286117 
32.8494 0.00285709 
32.5584 0.00285251 
32.2663 0.00284741 
31.9724 0.00284179 
31.6761 0.00283566 
31.3767 0.00282902 
31.0739 0.00282193 
30.7695 0.00281442 
30.4687 0.00280656 
30.1786 0.00279826 
29.5861 0.00278785 
27.8394 0.00278482 
29.1941 0.0027816 
29.2817 0.00278328 
29.0339 0.00278414 
29.3719 0.00278711 
29.4704 0.00279389 
29.9883 0.0028009 
30.2064 0.00280805 
30.454 0.00281512 
30.7396 0.00282208 
31.0338 0.00282879 
31.333 0.00283514 
31.6315 0.00284108 
31.9285 0.00284657 
32.2239 0.00285159 
32.5181 0.00285614 
32.8116 0.00286022 
33.105 0.00286386 
33.3991 0.00286707 
33.6947 0.00286988 
33.9926 0.0028723 
34.2937 0.00287435 
34.5991 0.00287607 
34.9095 0.00287746 
35.2261 0.00287856 
35.5497 0.00287937 
35.8814 0.0028799 
38 0.00288016 
38 0.00287994 
35.9421 0.00287966 
35.6209 0.00287911 
35.308 0.00287828 
35.0027 0.00287715 
34.704 0.00287571 
34.411 0.00287395 
34.1228 0.00287184 
33.8388 0.00286937 
33.558 0.00286651 
33.2797 0.00286325 
33.0033 0.00285958 
32.7283 0.00285548 
32.4541 0.00285095 
32.1803 0.002846 
31.907 0.00284064 
31.634 0.00283491 
31.3619 0.00282886 
31.0927 0.00282256 
30.8311 0.00281612 
30.5834 0.00280969 
30.3638 0.0028036 
30.1936 0.00279996 
30.0065 0.0027977 
29.7226 0.00279789 
30.0491 0.00279917 
30.1348 0.00280192 
30.2539 0.00280641 
30.414 0.00281172 
30.6039 0.00281742 
30.8212 0.00282326 
31.0703 0.0028291 
31.3307 0.00283479 
31.5988 0.00284025 
31.8702 0.00284542 
32.1432 0.00285024 
32.4176 0.00285468 
32.6931 0.00285874 
32.9699 0.00286241 
33.2483 0.00286569 
33.5287 0.0028686 
33.8118 0.00287116 
34.0981 0.00287337 
34.3885 0.00287525 
34.6838 0.00287682 
34.9847 0.00287811 
35.2921 0.00287912 
35.607 0.00287986 
35.9303 0.00288035 
38 0.0028806 
38 0.00288044 
35.9951 0.00288019 
35.6829 0.00287969 
35.3794 0.00287893 
35.0837 0.0028779 
34.7949 0.00287659 
34.5124 0.00287498 
34.2353 0.00287307 
33.9629 0.00287084 
33.6945 0.00286826 
33.4297 0.00286534 
33.1679 0.00286207 
32.9088 0.00285843 
32.6521 0.00285444 
32.3978 0.00285012 
32.1461 0.00284548 
31.8974 0.00284058 
31.6528 0.00283547 
31.4143 0.00283025 
31.1861 0.00282506 
30.9736 0.0028201 
30.7877 0.00281575 
30.6436 0.00281275 
30.5559 0.00281105 
30.511 0.00281086 
30.5169 0.00281186 
30.5849 0.00281405 
30.6853 0.00281739 
30.8223 0.00282149 
30.9875 0.00282604 
31.1783 0.00283083 
31.3965 0.00283568 
31.6277 0.0028405 
31.8686 0.00284517 
32.1153 0.00284963 
32.3662 0.00285383 
32.6207 0.00285774 
32.8781 0.00286133 
33.1384 0.0028646 
33.4017 0.00286754 
33.6682 0.00287015 
33.9384 0.00287246 
34.2127 0.00287446 
34.4918 0.00287617 
34.7763 0.0028776 
35.067 0.00287877 
35.3646 0.00287969 
35.67 0.00288037 
35.9841 0.00288082 
38 0.00288105 
38 0.00288095 
36.0527 0.00288072 
35.7503 0.00288027 
35.4568 0.00287958 
35.1714 0.00287865 
34.8933 0.00287746 
34.6217 0.00287602 
34.3561 0.0028743 
34.0958 0.0028723 
33.8403 0.00287 
33.5891 0.00286741 
33.3418 0.00286451 
33.0984 0.00286131 
32.8586 0.00285783 
32.6228 0.00285408 
32.3913 0.0028501 
32.1648 0.00284593 
31.9444 0.00284165 
31.7324 0.00283736 
31.5323 0.00283318 
31.3487 0.00282931 
31.1898 0.00282601 
31.0668 0.00282363 
30.99 0.00282227 
30.951 0.00282201 
30.9553 0.00282275 
31.0101 0.00282445 
31.0954 0.00282701 
31.2133 0.00283021 
31.3576 0.00283385 
31.5257 0.00283776 
31.7179 0.00284179 
31.924 0.00284584 
32.1409 0.00284981 
32.3654 0.00285365 
32.5959 0.00285729 
32.8315 0.0028607 
33.0716 0.00286386 
33.3158 0.00286674 
33.5642 0.00286936 
33.8167 0.00287169 
34.0738 0.00287375 
34.3357 0.00287555 
34.603 0.00287709 
34.8762 0.00287838 
35.156 0.00287944 
35.4432 0.00288028 
35.7384 0.00288089 
36.0425 0.0028813 
38 0.0028815 
38 0.00288146 
36.1147 0.00288125 
35.8228 0.00288084 
35.54 0.00288023 
35.2654 0.00287939 
34.9985 0.00287833 
34.7385 0.00287704 
34.4848 0.00287551 
34.2369 0.00287373 
33.9944 0.0028717 
33.7568 0.00286941 
33.524 0.00286686 
33.2959 0.00286407 
33.0725 0.00286105 
32.8542 0.00285782 
32.6414 0.00285442 
32.4351 0.00285091 
32.2364 0.00284734 
32.0473 0.00284381 
31.8709 0.00284044 
31.7112 0.00283737 
31.5743 0.00283481 
31.4685 0.00283292 
31.4011 0.00283182 
31.367 0.00283156 
31.3701 0.00283211 
31.4148 0.00283342 
31.4879 0.0028354 
31.59 0.00283793 
31.7165 0.00284086 
31.8651 0.00284405 
32.0352 0.00284739 
32.2194 0.00285079 
32.415 0.00285416 
32.6195 0.00285743 
32.8311 0.00286057 
33.049 0.00286353 
33.2725 0.00286629 
33.5011 0.00286882 
33.7347 0.00287112 
33.9734 0.00287319 
34.2171 0.00287502 
34.4664 0.00287662 
34.7215 0.002878 
34.983 0.00287916 
35.2514 0.00288011 
35.5275 0.00288085 
35.8119 0.00288141 
36.1053 0.00288178 
38 0.00288196 
38 0.00288195 
36.181 0.00288177 
35.9002 0.00288141 
35.6287 0.00288086 
35.3657 0.00288011 
35.1104 0.00287917 
34.8624 0.00287803 
34.621 0.00287667 
34.3857 0.00287511 
34.1563 0.00287332 
33.9324 0.00287131 
33.7138 0.0028691 
33.5006 0.00286668 
33.293 0.00286407 
33.0912 0.00286131 
32.8958 0.00285842 
32.7079 0.00285546 
32.5284 0.00285249 
32.3594 0.00284959 
32.2033 0.00284686 
32.0635 0.00284441 
31.9447 0.00284237 
31.853 0.00284087 
31.7937 0.00283998 
31.7639 0.00283974 
31.7661 0.00284015 
31.8031 0.00284116 
31.8661 0.00284272 
31.955 0.00284473 
32.0663 0.0028471 
32.198 0.00284971 
32.3491 0.00285248 
32.5141 0.00285532 
32.6909 0.00285816 
32.8771 0.00286095 
33.0713 0.00286364 
33.2726 0.00286619 
33.4802 0.00286858 
33.6936 0.00287079 
33.9128 0.00287281 
34.1375 0.00287463 
34.368 0.00287624 
34.6044 0.00287766 
34.847 0.00287888 
35.0963 0.00287991 
35.3529 0.00288075 
35.6173 0.00288142 
35.8903 0.00288191 
36.1724 0.00288224 
38 0.00288241 
38 0.00288243 
36.2514 0.00288227 
35.9825 0.00288195 
35.7229 0.00288146 
35.4718 0.0028808 
35.2287 0.00287997 
34.993 0.00287897 
34.7642 0.00287778 
34.5418 0.00287641 
34.3255 0.00287485 
34.1152 0.0028731 
33.9107 0.00287118 
33.712 0.0028691 
33.5194 0.00286687 
33.3332 0.00286451 
33.1541 0.00286207 
32.9829 0.00285959 
32.8208 0.00285712 
32.6694 0.00285474 
32.5308 0.00285251 
32.4078 0.00285053 
32.3041 0.0028489 
32.2242 0.00284769 
32.1719 0.00284697 
32.1456 0.00284676 
32.1471 0.00284706 
32.1781 0.00284785 
32.2327 0.00284909 
32.3105 0.0028507 
32.4088 0.00285262 
32.5258 0.00285476 
32.6604 0.00285705 
32.8086 0.00285942 
32.9685 0.00286182 
33.138 0.00286418 
33.3161 0.00286648 
33.5017 0.00286867 
33.6941 0.00287073 
33.8929 0.00287264 
34.0979 0.00287439 
34.3088 0.00287598 
34.5259 0.00287739 
34.7493 0.00287864 
34.9791 0.00287971 
35.216 0.00288062 
35.4603 0.00288137 
35.7125 0.00288196 
35.9734 0.0028824 
36.2436 0.00288269 
38 0.00288283 
38 0.00288289 
36.326 0.00288274 
36.0695 0.00288246 
35.8223 0.00288203 
35.5838 0.00288146 
35.3533 0.00288073 
35.1302 0.00287985 
34.9142 0.00287881 
34.7048 0.00287762 
34.5018 0.00287626 
34.305 0.00287476 
34.1142 0.0028731 
33.9297 0.00287132 
33.7515 0.00286941 
33.5801 0.00286742 
33.4162 0.00286536 
33.2604 0.00286328 
33.1139 0.00286123 
32.978 0.00285927 
32.8547 0.00285745 
32.7461 0.00285585 
32.6551 0.00285453 
32.5851 0.00285355 
32.5389 0.00285296 
32.5156 0.00285277 
32.5167 0.002853 
32.543 0.00285363 
32.5906 0.00285462 
32.6589 0.00285592 
32.7459 0.00285747 
32.85 0.00285923 
32.9702 0.00286113 
33.1034 0.0028631 
33.248 0.00286511 
33.4023 0.00286711 
33.5653 0.00286906 
33.7361 0.00287093 
33.914 0.0028727 
34.0986 0.00287435 
34.2897 0.00287586 
34.487 0.00287724 
34.6907 0.00287847 
34.9009 0.00287956 
35.1178 0.0028805 
35.3418 0.00288129 
35.5733 0.00288195 
35.813 0.00288247 
36.0613 0.00288286 
36.3189 0.00288311 
38 0.00288324 
38 0.00288331 
36.4047 0.00288318 
36.1612 0.00288294 
35.927 0.00288256 
35.7015 0.00288206 
35.484 0.00288143 
35.274 0.00288066 
35.071 0.00287976 
34.8748 0.00287873 
34.685 0.00287756 
34.5015 0.00287626 
34.3243 0.00287485 
34.1535 0.00287332 
33.9892 0.00287171 
33.8319 0.00287002 
33.6821 0.00286829 
33.5406 0.00286656 
33.4082 0.00286485 
33.2863 0.00286323 
33.1764 0.00286174 
33.0802 0.00286043 
33.0001 0.00285936 
32.9385 0.00285856 
32.8976 0.00285808 
32.8771 0.00285792 
32.8777 0.0028581 
32.9002 0.0028586 
32.9418 0.00285939 
33.002 0.00286044 
33.0792 0.00286171 
33.172 0.00286316 
33.2794 0.00286472 
33.3992 0.00286637 
33.5299 0.00286805 
33.6702 0.00286973 
33.8191 0.00287138 
33.9758 0.00287298 
34.1398 0.00287449 
34.3106 0.0028759 
34.488 0.00287721 
34.6719 0.00287839 
34.8622 0.00287946 
35.0591 0.0028804 
35.2628 0.00288122 
35.4737 0.00288192 
35.6921 0.00288249 
35.9186 0.00288295 
36.1538 0.00288328 
36.3983 0.00288351 
38 0.00288362 
38 0.00288369 
36.4875 0.00288359 
36.2577 0.00288337 
36.0371 0.00288305 
35.825 0.00288261 
35.6209 0.00288206 
35.4242 0.0028814 
35.2346 0.00288062 
35.0516 0.00287973 
34.8751 0.00287873 
34.7049 0.00287762 
34.5411 0.00287641 
34.3836 0.00287511 
34.2327 0.00287374 
34.0888 0.00287232 
33.9523 0.00287087 
33.824 0.00286942 
33.7046 0.00286801 
33.5952 0.00286667 
33.4971 0.00286544 
33.4118 0.00286437 
33.3411 0.00286349 
33.2868 0.00286284 
33.2506 0.00286244 
33.2324 0.00286231 
33.2328 0.00286245 
33.2522 0.00286284 
33.2887 0.00286348 
33.3419 0.00286434 
33.4103 0.00286538 
33.493 0.00286657 
33.5891 0.00286786 
33.6967 0.00286923 
33.8147 0.00287064 
33.9419 0.00287206 
34.0776 0.00287345 
34.221 0.0028748 
34.3716 0.00287609 
34.529 0.0028773 
34.693 0.00287841 
34.8635 0.00287944 
35.0405 0.00288036 
35.224 0.00288117 
35.4143 0.00288188 
35.6117 0.00288248 
35.8166 0.00288298 
36.0295 0.00288338 
36.251 0.00288367 
36.4817 0.00288387 
38 0.00288397 
38 0.00288404 
36.5746 0.00288395 
36.3591 0.00288376 
36.1526 0.00288348 
35.9545 0.0028831 
35.7642 0.00288263 
35.5811 0.00288206 
35.405 0.00288139 
35.2354 0.00288062 
35.0722 0.00287976 
34.9152 0.00287881 
34.7645 0.00287778 
34.62 0.00287668 
34.4821 0.00287552 
34.351 0.00287432 
34.2271 0.00287311 
34.1111 0.0028719 
34.0036 0.00287072 
33.9057 0.00286961 
33.8182 0.0028686 
33.7426 0.00286772 
33.6801 0.002867 
33.6322 0.00286647 
33.6002 0.00286614 
33.584 0.00286602 
33.5842 0.00286613 
33.6011 0.00286645 
33.6332 0.00286697 
33.6801 0.00286767 
33.7408 0.00286852 
33.8145 0.0028695 
33.9002 0.00287057 
33.9967 0.00287171 
34.103 0.00287289 
34.2181 0.00287408 
34.3412 0.00287526 
34.4719 0.0028764 
34.6096 0.0028775 
34.754 0.00287853 
34.9048 0.00287949 
35.062 0.00288036 
35.2255 0.00288115 
35.3956 0.00288186 
35.5723 0.00288247 
35.756 0.00288299 
35.947 0.00288343 
36.1459 0.00288377 
36.3531 0.00288403 
36.5694 0.0028842 
38 0.00288428 
38 0.00288435 
36.6661 0.00288427 
36.4656 0.00288411 
36.2738 0.00288386 
36.0901 0.00288354 
35.9139 0.00288313 
35.7448 0.00288263 
35.5824 0.00288206 
35.4264 0.0028814 
35.2765 0.00288066 
35.1327 0.00287985 
34.9949 0.00287897 
34.8632 0.00287804 
34.7378 0.00287705 
34.6189 0.00287604 
34.507 0.00287502 
34.4026 0.00287401 
34.3062 0.00287303 
34.2187 0.0028721 
34.141 0.00287127 
34.074 0.00287054 
34.0188 0.00286994 
33.9766 0.0028695 
33.9483 0.00286923 
33.934 0.00286913 
33.9341 0.00286921 
33.9487 0.00286947 
33.9769 0.0028699 
34.0183 0.00287047 
34.0721 0.00287117 
34.1375 0.00287199 
34.2139 0.00287288 
34.3002 0.00287383 
34.3956 0.00287482 
34.4992 0.00287582 
34.6105 0.00287681 
34.7289 0.00287778 
34.8541 0.00287872 
34.9857 0.0028796 
35.1235 0.00288042 
35.2675 0.00288117 
35.4177 0.00288185 
35.5741 0.00288246 
35.737 0.00288299 
35.9066 0.00288344 
36.0834 0.00288381 
36.2678 0.00288411 
36.4602 0.00288434 
36.6615 0.00288448 
38 0.00288456 
38 0.00288462 
36.7623 0.00288455 
36.5774 0.0028844 
36.4009 0.00288419 
36.2321 0.00288391 
36.0705 0.00288355 
35.9157 0.00288313 
35.7672 0.00288263 
35.6248 0.00288206 
35.4883 0.00288143 
35.3576 0.00288073 
35.2326 0.00287998 
35.1134 0.00287918 
35.0002 0.00287835 
34.8932 0.00287749 
34.7927 0.00287662 
34.6992 0.00287577 
34.6133 0.00287495 
34.5355 0.00287417 
34.4666 0.00287347 
34.4074 0.00287287 
34.3588 0.00287237 
34.3216 0.002872 
34.2967 0.00287177 
34.2841 0.00287169 
34.2841 0.00287176 
34.2968 0.00287197 
34.3215 0.00287232 
34.358 0.00287279 
34.4055 0.00287338 
34.4634 0.00287405 
34.5312 0.0028748 
34.608 0.0028756 
34.6932 0.00287644 
34.786 0.00287728 
34.8859 0.00287813 
34.9925 0.00287895 
35.1055 0.00287975 
35.2246 0.0028805 
35.3496 0.00288121 
35.4805 0.00288186 
35.6172 0.00288245 
35.7599 0.00288297 
35.9088 0.00288343 
36.0641 0.00288382 
36.2262 0.00288415 
36.3955 0.00288441 
36.5727 0.0028846 
36.7583 0.00288473 
38 0.0028848 
38 0.00288484 
36.8636 0.00288478 
36.695 0.00288465 
36.5343 0.00288447 
36.3809 0.00288422 
36.2343 0.00288391 
36.094 0.00288353 
35.9597 0.0028831 
35.8311 0.00288261 
35.7081 0.00288206 
35.5904 0.00288146 
35.4781 0.00288081 
35.3713 0.00288012 
35.27 0.0028794 
35.1744 0.00287867 
35.0849 0.00287793 
35.0018 0.00287721 
34.9256 0.00287651 
34.8569 0.00287585 
34.7962 0.00287526 
34.7442 0.00287475 
34.7015 0.00287433 
34.669 0.00287402 
34.6471 0.00287383 
34.6361 0.00287375 
34.636 0.00287381 
34.647 0.00287398 
34.6687 0.00287427 
34.7006 0.00287467 
34.7423 0.00287516 
34.7933 0.00287573 
34.8532 0.00287637 
34.9211 0.00287705 
34.9966 0.00287776 
35.079 0.00287848 
35.1681 0.0028792 
35.2633 0.00287991 
35.3644 0.0028806 
35.4712 0.00288125 
35.5835 0.00288186 
35.7012 0.00288243 
35.8245 0.00288294 
35.9533 0.0028834 
36.088 0.0028838 
36.2286 0.00288414 
36.3757 0.00288443 
36.5296 0.00288466 
36.6908 0.00288483 
36.86 0.00288494 
38 0.002885 
38 0.00288502 
36.9703 0.00288496 
36.8187 0.00288485 
36.6744 0.00288469 
36.5369 0.00288447 
36.4057 0.00288419 
36.2803 0.00288386 
36.1604 0.00288348 
36.0458 0.00288304 
35.9362 0.00288256 
35.8316 0.00288203 
35.732 0.00288146 
35.6372 0.00288086 
35.5476 0.00288024 
35.4632 0.0028796 
35.3843 0.00287896 
35.3112 0.00287833 
35.2443 0.00287773 
35.184 0.00287716 
35.131 0.00287665 
35.0856 0.00287621 
35.0485 0.00287586 
35.0202 0.00287559 
35.0011 0.00287542 
34.9915 0.00287536 
34.9914 0.0028754 
35.0009 0.00287555 
35.0197 0.0028758 
35.0475 0.00287614 
35.0839 0.00287656 
35.1285 0.00287705 
35.1808 0.00287759 
35.2404 0.00287818 
35.3066 0.00287879 
35.3792 0.00287942 
35.4578 0.00288005 
35.5419 0.00288067 
35.6313 0.00288127 
35.726 0.00288185 
35.8256 0.00288238 
35.9303 0.00288288 
36.04 0.00288333 
36.1549 0.00288374 
36.2751 0.00288409 
36.4008 0.0028844 
36.5324 0.00288465 
36.6703 0.00288485 
36.8151 0.002885 
36.9672 0.00288511 
38 0.00288516 
38 0.00288515 
37.083 0.0028851 
36.9491 0.002885 
36.8219 0.00288485 
36.7008 0.00288465 
36.5853 0.0028844 
36.4752 0.00288411 
36.3699 0.00288376 
36.2694 0.00288337 
36.1734 0.00288293 
36.0819 0.00288246 
35.9947 0.00288195 
35.912 0.00288141 
35.8338 0.00288086 
35.7603 0.00288029 
35.6917 0.00287972 
35.6282 0.00287916 
35.5702 0.00287863 
35.518 0.00287813 
35.4721 0.00287768 
35.4329 0.00287729 
35.4009 0.00287697 
35.3766 0.00287674 
35.3601 0.00287659 
35.3518 0.00287653 
35.3517 0.00287657 
35.3599 0.0028767 
35.3761 0.00287692 
35.4 0.00287721 
35.4314 0.00287758 
35.4699 0.00287802 
35.5152 0.0028785 
35.5668 0.00287902 
35.6243 0.00287956 
35.6874 0.00288012 
35.7557 0.00288068 
35.8289 0.00288124 
35.907 0.00288178 
35.9896 0.00288229 
36.0767 0.00288277 
36.1683 0.00288322 
36.2644 0.00288363 
36.3652 0.00288399 
36.4707 0.00288431 
36.5811 0.00288459 
36.6969 0.00288482 
36.8184 0.002885 
36.946 0.00288514 
37.0803 0.00288523 
38 0.00288528 
38 0.00288524 
37.2023 0.00288519 
37.0869 0.0028851 
36.9773 0.00288496 
36.8731 0.00288477 
36.7739 0.00288454 
36.6792 0.00288427 
36.5888 0.00288395 
36.5025 0.00288358 
36.4202 0.00288318 
36.3417 0.00288274 
36.2671 0.00288227 
36.1963 0.00288178 
36.1294 0.00288127 
36.0665 0.00288074 
36.0079 0.00288022 
35.9537 0.00287971 
35.9042 0.00287922 
35.8598 0.00287876 
35.8207 0.00287835 
35.7874 0.002878 
35.7602 0.00287771 
35.7395 0.00287749 
35.7255 0.00287736 
35.7185 0.00287731 
35.7184 0.00287734 
35.7253 0.00287746 
35.739 0.00287765 
35.7594 0.00287792 
35.7861 0.00287826 
35.8188 0.00287865 
35.8574 0.00287909 
35.9014 0.00287957 
35.9504 0.00288007 
36.0043 0.00288058 
36.0626 0.0028811 
36.1253 0.00288161 
36.192 0.00288211 
36.2627 0.00288258 
36.3374 0.00288303 
36.4159 0.00288344 
36.4984 0.00288382 
36.5848 0.00288416 
36.6754 0.00288446 
36.7703 0.00288472 
36.8699 0.00288493 
36.9744 0.0028851 
37.0842 0.00288523 
37.2 0.00288531 
38 0.00288536 
38 0.00288528 
38 0.00288524 
38 0.00288515 
38 0.00288501 
38 0.00288484 
38 0.00288461 
38 0.00288435 
38 0.00288404 
38 0.00288369 
38 0.00288331 
38 0.00288289 
38 0.00288243 
38 0.00288196 
38 0.00288147 
38 0.00288097 
38 0.00288047 
38 0.00287998 
38 0.00287951 
38 0.00287908 
38 0.00287869 
38 0.00287835 
38 0.00287807 
38 0.00287787 
38 0.00287774 
38 0.00287769 
38 0.00287772 
38 0.00287783 
38 0.00287802 
38 0.00287827 
38 0.00287859 
38 0.00287897 
38 0.00287939 
38 0.00287984 
38 0.00288032 
38 0.00288081 
38 0.00288131 
38 0.0028818 
38 0.00288227 
38 0.00288273 
38 0.00288316 
38 0.00288356 
38 0.00288392 
38 0.00288424 
38 0.00288453 
38 0.00288478 
38 0.00288498 
38 0.00288515 
38 0.00288527 
38 0.00288535 
38 0.0028854 

temporary_density_vectors2:
0 0 
0 0 
0 0 
0 0 
0 0 
0 0 
0 0 
0 0 
0 0 
0 0 
0 0 
0 0 
0 0 
0 0 
0 0 
0 0 
0 0 
0 0 
0 0 
0 0 
0 0 
0 0 
0 0 
0 0 
0 0 
0 0 
0 0 
0 0 
0 0 
0 0 
0 0 
0 0 
0 0 
0 0 
0 0 
0 0 
0 0 
0 0 
0 0 
0 0 
0 0 
0 0 
0 0 
0 0 
0 0 
0 0 
0 0 
0 0 
0 0 
0 0 
0 0 
0 0 
0 0 
0 0 
0 0 
0 0 
0 0 
0 0 
0 0 
0 0 
0 0 
0 0 
0 0 
0 0 
0 0 
0 0 
0 0 
0 0 
0 0 
0 0 
0 0 
0 0 
0 0 
0 0 
0 0 
0 0 
0 0 
0 0 
0 0 
0 0 
0 0 
0 0 
0 0 
0 0 
0 0 
0 0 
0 0 
0 0 
0 0 
0 0 
0 0 
0 0 
0 0 
0 0 
0 0 
0 0 
0 0 
0 0 
0 0 
0 0 
0 0 
0 0 
0 0 
0 0 
0 0 
0 0 
0 0 
0 0 
0 0 
0 0 
0 0 
0 0 
0 0 
0 0 
0 0 
0 0 
0 0 
0 0 
0 0 
0 0 
0 0 
0 0 
0 0 
0 0 
0 0 
0 0 
0 0 
0 0 
0 0 
0 0 
0 0 
0 0 
0 0 
0 0 
0 0 
0 0 
0 0 
0 0 
0 0 
0 0 
0 0 
0 0 
0 0 
0 0 
0 0 
0 0 
0 0 
0 0 
0 0 
0 0 
0 0 
0 0 
0 0 
0 0 
0 0 
0 0 
0 0 
0 0 
0 0 
0 0 
0 0 
0 0 
0 0 
0 0 
0 0 
0 0 
0 0 
0 0 
0 0 
0 0 
0 0 
0 0 
0 0 
0 0 
0 0 
0 0 
0 0 
0 0 
0 0 
0 0 
0 0 
0 0 
0 0 
0 0 
0 0 
0 0 
0 0 
0 0 
0 0 
0 0 
0 0 
0 0 
0 0 
0 0 
0 0 
0 0 
0 0 
0 0 
0 0 
0 0 
0 0 
0 0 
0 0 
0 0 
0 0 
0 0 
0 0 
0 0 
0 0 
0 0 
0 0 
0 0 
0 0 
0 0 
0 0 
0 0 
0 0 
0 0 
0 0 
0 0 
0 0 
0 0 
0 0 
0 0 
0 0 
0 0 
0 0 
0 0 
0 0 
0 0 
0 0 
0 0 
0 0 
0 0 
0 0 
0 0 
0 0 
0 0 
0 0 
0 0 
0 0 
0 0 
0 0 
0 0 
0 0 
0 0 
0 0 
0 0 
0 0 
0 0 
0 0 
0 0 
0 0 
0 0 
0 0 
0 0 
0 0 
0 0 
0 0 
0 0 
0 0 
0 0 
0 0 
0 0 
0 0 
0 0 
0 0 
0 0 
0 0 
0 0 
0 0 
0 0 
0 0 
0 0 
0 0 
0 0 
0 0 
0 0 
0 0 
0 0 
0 0 
0 0 
0 0 
0 0 
0 0 
0 0 
0 0 
0 0 
0 0 
0 0 
0 0 
0 0 
0 0 
0 0 
0 0 
0 0 
0 0 
0 0 
0 0 
0 0 
0 0 
0 0 
0 0 
0 0 
0 0 
0 0 
0 0 
0 0 
0 0 
0 0 
0 0 
0 0 
0 0 
0 0 
0 0 
0 0 
0 0 
0 0 
0 0 
0 0 
0 0 
0 0 
0 0 
0 0 
0 0 
0 0 
0 0 
0 0 
0 0 
0 0 
0 0 
0 0 
0 0 
0 0 
0 0 
0 0 
0 0 
0 0 
0 0 
0 0 
0 0 
0 0 
0 0 
0 0 
0 0 
0 0 
0 0 
0 0 
0 0 
0 0 
0 0 
0 0 
0 0 
0 0 
0 0 
0 0 
0 0 
0 0 
0 0 
0 0 
0 0 
0 0 
0 0 
0 0 
0 0 
0 0 
0 0 
0 0 
0 0 
0 0 
0 0 
0 0 
0 0 
0 0 
0 0 
0 0 
0 0 
0 0 
0 0 
0 0 
0 0 
0 0 
0 0 
0 0 
0 0 
0 0 
0 0 
0 0 
0 0 
0 0 
0 0 
0 0 
0 0 
0 0 
0 0 
0 0 
0 0 
0 0 
0 0 
0 0 
0 0 
0 0 
0 0 
0 0 
0 0 
0 0 
0 0 
0 0 
0 0 
0 0 
0 0 
0 0 
0 0 
0 0 
0 0 
0 0 
0 0 
0 0 
0 0 
0 0 
0 0 
0 0 
0 0 
0 0 
0 0 
0 0 
0 0 
0 0 
0 0 
0 0 
0 0 
0 0 
0 0 
0 0 
0 0 
0 0 
0 0 
0 0 
0 0 
0 0 
0 0 
0 0 
0 0 
0 0 
0 0 
0 0 
0 0 
0 0 
0 0 
0 0 
0 0 
0 0 
0 0 
0 0 
0 0 
0 0 
0 0 
0 0 
0 0 
0 0 
0 0 
0 0 
0 0 
0 0 
0 0 
0 0 
0 0 
0 0 
0 0 
0 0 
0 0 
0 0 
0 0 
0 0 
0 0 
0 0 
0 0 
0 0 
0 0 
0 0 
0 0 
0 0 
0 0 
0 0 
0 0 
0 0 
0 0 
0 0 
0 0 
0 0 
0 0 
0 0 
0 0 
0 0 
0 0 
0 0 
0 0 
0 0 
0 0 
0 0 
0 0 
0 0 
0 0 
0 0 
0 0 
0 0 
0 0 
0 0 
0 0 
0 0 
0 0 
0 0 
0 0 
0 0 
0 0 
0 0 
0 0 
0 0 
0 0 
0 0 
0 0 
0 0 
0 0 
0 0 
0 0 
0 0 
0 0 
0 0 
0 0 
0 0 
0 0 
0 0 
0 0 
0 0 
0 0 
0 0 
0 0 
0 0 
0 0 
0 0 
0 0 
0 0 
0 0 
0 0 
0 0 
0 0 
0 0 
0 0 
0 0 
0 0 
0 0 
0 0 
0 0 
0 0 
0 0 
0 0 
0 0 
0 0 
0 0 
0 0 
0 0 
0 0 
0 0 
0 0 
0 0 
0 0 
0 0 
0 0 
0 0 
0 0 
0 0 
0 0 
0 0 
0 0 
0 0 
0 0 
0 0 
0 0 
0 0 
0 0 
0 0 
0 0 
0 0 
0 0 
0 0 
0 0 
0 0 
0 0 
0 0 
0 0 
0 0 
0 0 
0 0 
0 0 
0 0 
0 0 
0 0 
0 0 
0 0 
0 0 
0 0 
0 0 
0 0 
0 0 
0 0 
0 0 
0 0 
0 0 
0 0 
0 0 
0 0 
0 0 
0 0 
0 0 
0 0 
0 0 
0 0 
0 0 
0 0 
0 0 
0 0 
0 0 
0 0 
0 0 
0 0 
0 0 
0 0 
0 0 
0 0 
0 0 
0 0 
0 0 
0 0 
0 0 
0 0 
0 0 
0 0 
0 0 
0 0 
0 0 
0 0 
0 0 
0 0 
0 0 
0 0 
0 0 
0 0 
0 0 
0 0 
0 0 
0 0 
0 0 
0 0 
0 0 
0 0 
0 0 
0 0 
0 0 
0 0 
0 0 
0 0 
0 0 
0 0 
0 0 
0 0 
0 0 
0 0 
0 0 
0 0 
0 0 
0 0 
0 0 
0 0 
0 0 
0 0 
0 0 
0 0 
0 0 
0 0 
0 0 
0 0 
0 0 
0 0 
0 0 
0 0 
0 0 
0 0 
0 0 
0 0 
0 0 
0 0 
0 0 
0 0 
0 0 
0 0 
0 0 
0 0 
0 0 
0 0 
0 0 
0 0 
0 0 
0 0 
0 0 
0 0 
0 0 
0 0 
0 0 
0 0 
0 0 
0 0 
0 0 
0 0 
0 0 
0 0 
0 0 
0 0 
0 0 
0 0 
0 0 
0 0 
0 0 
0 0 
0 0 
0 0 
0 0 
0 0 
0 0 
0 0 
0 0 
0 0 
0 0 
0 0 
0 0 
0 0 
0 0 
0 0 
0 0 
0 0 
0 0 
0 0 
0 0 
0 0 
0 0 
0 0 
0 0 
0 0 
0 0 
0 0 
0 0 
0 0 
0 0 
0 0 
0 0 
0 0 
0 0 
0 0 
0 0 
0 0 
0 0 
0 0 
0 0 
0 0 
0 0 
0 0 
0 0 
0 0 
0 0 
0 0 
0 0 
0 0 
0 0 
0 0 
0 0 
0 0 
0 0 
0 0 
0 0 
0 0 
0 0 
0 0 
0 0 
0 0 
0 0 
0 0 
0 0 
0 0 
0 0 
0 0 
0 0 
0 0 
0 0 
0 0 
0 0 
0 0 
0 0 
0 0 
0 0 
0 0 
0 0 
0 0 
0 0 
0 0 
0 0 
0 0 
0 0 
0 0 
0 0 
0 0 
0 0 
0 0 
0 0 
0 0 
0 0 
0 0 
0 0 
0 0 
0 0 
0 0 
0 0 
0 0 
0 0 
0 0 
0 0 
0 0 
0 0 
0 0 
0 0 
0 0 
0 0 
0 0 
0 0 
0 0 
0 0 
0 0 
0 0 
0 0 
0 0 
0 0 
0 0 
0 0 
0 0 
0 0 
0 0 
0 0 
0 0 
0 0 
0 0 
0 0 
0 0 
0 0 
0 0 
0 0 
0 0 
0 0 
0 0 
0 0 
0 0 
0 0 
0 0 
0 0 
0 0 
0 0 
0 0 
0 0 
0 0 
0 0 
0 0 
0 0 
0 0 
0 0 
0 0 
0 0 
0 0 
0 0 
0 0 
0 0 
0 0 
0 0 
0 0 
0 0 
0 0 
0 0 
0 0 
0 0 
0 0 
0 0 
0 0 
0 0 
0 0 
0 0 
0 0 
0 0 
0 0 
0 0 
0 0 
0 0 
0 0 
0 0 
0 0 
0 0 
0 0 
0 0 
0 0 
0 0 
0 0 
0 0 
0 0 
0 0 
0 0 
0 0 
0 0 
0 0 
0 0 
0 0 
0 0 
0 0 
0 0 
0 0 
0 0 
0 0 
0 0 
0 0 
0 0 
0 0 
0 0 
0 0 
0 0 
0 0 
0 0 
0 0 
0 0 
0 0 
0 0 
0 0 
0 0 
0 0 
0 0 
0 0 
0 0 
0 0 
0 0 
0 0 
0 0 
0 0 
0 0 
0 0 
0 0 
0 0 
0 0 
0 0 
0 0 
0 0 
0 0 
0 0 
0 0 
0 0 
0 0 
0 0 
0 0 
0 0 
0 0 
0 0 
0 0 
0 0 
0 0 
0 0 
0 0 
0 0 
0 0 
0 0 
0 0 
0 0 
0 0 
0 0 
0 0 
0 0 
0 0 
0 0 
0 0 
0 0 
0 0 
0 0 
0 0 
0 0 
0 0 
0 0 
0 0 
0 0 
0 0 
0 0 
0 0 
0 0 
0 0 
0 0 
0 0 
0 0 
0 0 
0 0 
0 0 
0 0 
0 0 
0 0 
0 0 
0 0 
0 0 
0 0 
0 0 
0 0 
0 0 
0 0 
0 0 
0 0 
0 0 
0 0 
0 0 
0 0 
0 0 
0 0 
0 0 
0 0 
0 0 
0 0 
0 0 
0 0 
0 0 
0 0 
0 0 
0 0 
0 0 
0 0 
0 0 
0 0 
0 0 
0 0 
0 0 
0 0 
0 0 
0 0 
0 0 
0 0 
0 0 
0 0 
0 0 
0 0 
0 0 
0 0 
0 0 
0 0 
0 0 
0 0 
0 0 
0 0 
0 0 
0 0 
0 0 
0 0 
0 0 
0 0 
0 0 
0 0 
0 0 
0 0 
0 0 
0 0 
0 0 
0 0 
0 0 
0 0 
0 0 
0 0 
0 0 
0 0 
0 0 
0 0 
0 0 
0 0 
0 0 
0 0 
0 0 
0 0 
0 0 
0 0 
0 0 
0 0 
0 0 
0 0 
0 0 
0 0 
0 0 
0 0 
0 0 
0 0 
0 0 
0 0 
0 0 
0 0 
0 0 
0 0 
0 0 
0 0 
0 0 
0 0 
0 0 
0 0 
0 0 
0 0 
0 0 
0 0 
0 0 
0 0 
0 0 
0 0 
0 0 
0 0 
0 0 
0 0 
0 0 
0 0 
0 0 
0 0 
0 0 
0 0 
0 0 
0 0 
0 0 
0 0 
0 0 
0 0 
0 0 
0 0 
0 0 
0 0 
0 0 
0 0 
0 0 
0 0 
0 0 
0 0 
0 0 
0 0 
0 0 
0 0 
0 0 
0 0 
0 0 
0 0 
0 0 
0 0 
0 0 
0 0 
0 0 
0 0 
0 0 
0 0 
0 0 
0 0 
0 0 
0 0 
0 0 
0 0 
0 0 
0 0 
0 0 
0 0 
0 0 
0 0 
0 0 
0 0 
0 0 
0 0 
0 0 
0 0 
0 0 
0 0 
0 0 
0 0 
0 0 
0 0 
0 0 
0 0 
0 0 
0 0 
0 0 
0 0 
0 0 
0 0 
0 0 
0 0 
0 0 
0 0 
0 0 
0 0 
0 0 
0 0 
0 0 
0 0 
0 0 
0 0 
0 0 
0 0 
0 0 
0 0 
0 0 
0 0 
0 0 
0 0 
0 0 
0 0 
0 0 
0 0 
0 0 
0 0 
0 0 
0 0 
0 0 
0 0 
0 0 
0 0 
0 0 
0 0 
0 0 
0 0 
0 0 
0 0 
0 0 
0 0 
0 0 
0 0 
0 0 
0 0 
0 0 
0 0 
0 0 
0 0 
0 0 
0 0 
0 0 
0 0 
0 0 
0 0 
0 0 
0 0 
0 0 
0 0 
0 0 
0 0 
0 0 
0 0 
0 0 
0 0 
0 0 
0 0 
0 0 
0 0 
0 0 
0 0 
0 0 
0 0 
0 0 
0 0 
0 0 
0 0 
0 0 
0 0 
0 0 
0 0 
0 0 
0 0 
0 0 
0 0 
0 0 
0 0 
0 0 
0 0 
0 0 
0 0 
0 0 
0 0 
0 0 
0 0 
0 0 
0 0 
0 0 
0 0 
0 0 
0 0 
0 0 
0 0 
0 0 
0 0 
0 0 
0 0 
0 0 
0 0 
0 0 
0 0 
0 0 
0 0 
0 0 
0 0 
0 0 
0 0 
0 0 
0 0 
0 0 
0 0 
0 0 
0 0 
0 0 
0 0 
0 0 
0 0 
0 0 
0 0 
0 0 
0 0 
0 0 
0 0 
0 0 
0 0 
0 0 
0 0 
0 0 
0 0 
0 0 
0 0 
0 0 
0 0 
0 0 
0 0 
0 0 
0 0 
0 0 
0 0 
0 0 
0 0 
0 0 
0 0 
0 0 
0 0 
0 0 
0 0 
0 0 
0 0 
0 0 
0 0 
0 0 
0 0 
0 0 
0 0 
0 0 
0 0 
0 0 
0 0 
0 0 
0 0 
0 0 
0 0 
0 0 
0 0 
0 0 
0 0 
0 0 
0 0 
0 0 
0 0 
0 0 
0 0 
0 0 
0 0 
0 0 
0 0 
0 0 
0 0 
0 0 
0 0 
0 0 
0 0 
0 0 
0 0 
0 0 
0 0 
0 0 
0 0 
0 0 
0 0 
0 0 
0 0 
0 0 
0 0 
0 0 
0 0 
0 0 
0 0 
0 0 
0 0 
0 0 
0 0 
0 0 
0 0 
0 0 
0 0 
0 0 
0 0 
0 0 
0 0 
0 0 
0 0 
0 0 
0 0 
0 0 
0 0 
0 0 
0 0 
0 0 
0 0 
0 0 
0 0 
0 0 
0 0 
0 0 
0 0 
0 0 
0 0 
0 0 
0 0 
0 0 
0 0 
0 0 
0 0 
0 0 
0 0 
0 0 
0 0 
0 0 
0 0 
0 0 
0 0 
0 0 
0 0 
0 0 
0 0 
0 0 
0 0 
0 0 
0 0 
0 0 
0 0 
0 0 
0 0 
0 0 
0 0 
0 0 
0 0 
0 0 
0 0 
0 0 
0 0 
0 0 
0 0 
0 0 
0 0 
0 0 
0 0 
0 0 
0 0 
0 0 
0 0 
0 0 
0 0 
0 0 
0 0 
0 0 
0 0 
0 0 
0 0 
0 0 
0 0 
0 0 
0 0 
0 0 
0 0 
0 0 
0 0 
0 0 
0 0 
0 0 
0 0 
0 0 
0 0 
0 0 
0 0 
0 0 
0 0 
0 0 
0 0 
0 0 
0 0 
0 0 
0 0 
0 0 
0 0 
0 0 
0 0 
0 0 
0 0 
0 0 
0 0 
0 0 
0 0 
0 0 
0 0 
0 0 
0 0 
0 0 
0 0 
0 0 
0 0 
0 0 
0 0 
0 0 
0 0 
0 0 
0 0 
0 0 
0 0 
0 0 
0 0 
0 0 
0 0 
0 0 
0 0 
0 0 
0 0 
0 0 
0 0 
0 0 
0 0 
0 0 
0 0 
0 0 
0 0 
0 0 
0 0 
0 0 
0 0 
0 0 
0 0 
0 0 
0 0 
0 0 
0 0 
0 0 
0 0 
0 0 
0 0 
0 0 
0 0 
0 0 
0 0 
0 0 
0 0 
0 0 
0 0 
0 0 
0 0 
0 0 
0 0 
0 0 
0 0 
0 0 
0 0 
0 0 
0 0 
0 0 
0 0 
0 0 
0 0 
0 0 
0 0 
0 0 
0 0 
0 0 
0 0 
0 0 
0 0 
0 0 
0 0 
0 0 
0 0 
0 0 
0 0 
0 0 
0 0 
0 0 
0 0 
0 0 
0 0 
0 0 
0 0 
0 0 
0 0 
0 0 
0 0 
0 0 
0 0 
0 0 
0 0 
0 0 
0 0 
0 0 
0 0 
0 0 
0 0 
0 0 
0 0 
0 0 
0 0 
0 0 
0 0 
0 0 
0 0 
0 0 
0 0 
0 0 
0 0 
0 0 
0 0 
0 0 
0 0 
0 0 
0 0 
0 0 
0 0 
0 0 
0 0 
0 0 
0 0 
0 0 
0 0 
0 0 
0 0 
0 0 
0 0 
0 0 
0 0 
0 0 
0 0 
0 0 
0 0 
0 0 
0 0 
0 0 
0 0 
0 0 
0 0 
0 0 
0 0 
0 0 
0 0 
0 0 
0 0 
0 0 
0 0 
0 0 
0 0 
0 0 
0 0 
0 0 
0 0 
0 0 
0 0 
0 0 
0 0 
0 0 
0 0 
0 0 
0 0 
0 0 
0 0 
0 0 
0 0 
0 0 
0 0 
0 0 
0 0 
0 0 
0 0 
0 0 
0 0 
0 0 
0 0 
0 0 
0 0 
0 0 
0 0 
0 0 
0 0 
0 0 
0 0 
0 0 
0 0 
0 0 
0 0 
0 0 
0 0 
0 0 
0 0 
0 0 
0 0 
0 0 
0 0 
0 0 
0 0 
0 0 
0 0 
0 0 
0 0 
0 0 
0 0 
0 0 
0 0 
0 0 
0 0 
0 0 
0 0 
0 0 
0 0 
0 0 
0 0 
0 0 
0 0 
0 0 
0 0 
0 0 
0 0 
0 0 
0 0 
0 0 
0 0 
0 0 
0 0 
0 0 
0 0 
0 0 
0 0 
0 0 
0 0 
0 0 
0 0 
0 0 
0 0 
0 0 
0 0 
0 0 
0 0 
0 0 
0 0 
0 0 
0 0 
0 0 
0 0 
0 0 
0 0 
0 0 
0 0 
0 0 
0 0 
0 0 
0 0 
0 0 
0 0 
0 0 
0 0 
0 0 
0 0 
0 0 
0 0 
0 0 
0 0 
0 0 
0 0 
0 0 
0 0 
0 0 
0 0 
0 0 
0 0 
0 0 
0 0 
0 0 
0 0 
0 0 
0 0 
0 0 
0 0 
0 0 
0 0 
0 0 
0 0 
0 0 
0 0 
0 0 
0 0 
0 0 
0 0 
0 0 
0 0 
0 0 
0 0 
0 0 
0 0 
0 0 
0 0 
0 0 
0 0 
0 0 
0 0 
0 0 
0 0 
0 0 
0 0 
0 0 
0 0 
0 0 
0 0 
0 0 
0 0 
0 0 
0 0 
0 0 
0 0 
0 0 
0 0 
0 0 
0 0 
0 0 
0 0 
0 0 
0 0 
0 0 
0 0 
0 0 
0 0 
0 0 
0 0 
0 0 
0 0 
0 0 
0 0 
0 0 
0 0 
0 0 
0 0 
0 0 
0 0 
0 0 
0 0 
0 0 
0 0 
0 0 
0 0 
0 0 
0 0 
0 0 
0 0 
0 0 
0 0 
0 0 
0 0 
0 0 
0 0 
0 0 
0 0 
0 0 
0 0 
0 0 
0 0 
0 0 
0 0 
0 0 
0 0 
0 0 
0 0 
0 0 
0 0 
0 0 
0 0 
0 0 
0 0 
0 0 
0 0 
0 0 
0 0 
0 0 
0 0 
0 0 
0 0 
0 0 
0 0 
0 0 
0 0 
0 0 
0 0 
0 0 
0 0 
0 0 
0 0 
0 0 
0 0 
0 0 
0 0 
0 0 
0 0 
0 0 
0 0 
0 0 
0 0 
0 0 
0 0 
0 0 
0 0 
0 0 
0 0 
0 0 
0 0 
0 0 
0 0 
0 0 
0 0 
0 0 
0 0 
0 0 
0 0 
0 0 
0 0 
0 0 
0 0 
0 0 
0 0 
0 0 
0 0 
0 0 
0 0 
0 0 
0 0 
0 0 
0 0 
0 0 
0 0 
0 0 
0 0 
0 0 
0 0 
0 0 
0 0 
0 0 
0 0 
0 0 
0 0 
0 0 
0 0 
0 0 
0 0 
0 0 
0 0 
0 0 
0 0 
0 0 
0 0 
0 0 
0 0 
0 0 
0 0 
0 0 
0 0 
0 0 
0 0 
0 0 
0 0 
0 0 
0 0 
0 0 
0 0 
0 0 
0 0 
0 0 
0 0 
0 0 
0 0 
0 0 
0 0 
0 0 
0 0 
0 0 
0 0 
0 0 
0 0 
0 0 
0 0 
0 0 
0 0 
0 0 
0 0 
0 0 
0 0 
0 0 
0 0 
0 0 
0 0 
0 0 
0 0 
0 0 
0 0 
0 0 
0 0 
0 0 
0 0 
0 0 
0 0 
0 0 
0 0 
0 0 
0 0 
0 0 
0 0 
0 0 
0 0 
0 0 
0 0 
0 0 
0 0 
0 0 
0 0 
0 0 
0 0 
0 0 
0 0 
0 0 
0 0 
0 0 
0 0 
0 0 
0 0 
0 0 
0 0 
0 0 
0 0 
0 0 
0 0 
0 0 
0 0 
0 0 
0 0 
0 0 
0 0 
0 0 
0 0 
0 0 
0 0 
0 0 
0 0 
0 0 
0 0 
0 0 
0 0 
0 0 
0 0 
0 0 
0 0 
0 0 
0 0 
0 0 
0 0 
0 0 
0 0 
0 0 
0 0 
0 0 
0 0 
0 0 
0 0 
0 0 
0 0 
0 0 
0 0 
0 0 
0 0 
0 0 
0 0 
0 0 
0 0 
0 0 
0 0 
0 0 
0 0 
0 0 
0 0 
0 0 
0 0 
0 0 
0 0 
0 0 
0 0 
0 0 
0 0 
0 0 
0 0 
0 0 
0 0 
0 0 
0 0 
0 0 
0 0 
0 0 
0 0 
0 0 
0 0 
0 0 
0 0 
0 0 
0 0 
0 0 
0 0 
0 0 
0 0 
0 0 
0 0 
0 0 
0 0 
0 0 
0 0 
0 0 
0 0 
0 0 
0 0 
0 0 
0 0 
0 0 
0 0 
0 0 
0 0 
0 0 
0 0 
0 0 
0 0 
0 0 
0 0 
0 0 
0 0 
0 0 
0 0 
0 0 
0 0 
0 0 
0 0 
0 0 
0 0 
0 0 
0 0 
0 0 
0 0 
0 0 
0 0 
0 0 
0 0 
0 0 
0 0 
0 0 
0 0 
0 0 
0 0 
0 0 
0 0 
0 0 
0 0 
0 0 
0 0 
0 0 
0 0 
0 0 
0 0 
0 0 
0 0 
0 0 
0 0 
0 0 
0 0 
0 0 
0 0 
0 0 
0 0 
0 0 
0 0 
0 0 
0 0 
0 0 
0 0 
0 0 
0 0 
0 0 
0 0 
0 0 
0 0 
0 0 
0 0 
0 0 
0 0 
0 0 
0 0 
0 0 
0 0 
0 0 
0 0 
0 0 
0 0 
0 0 
0 0 
0 0 
0 0 
0 0 
0 0 
0 0 
0 0 
0 0 
0 0 
0 0 
0 0 
0 0 
0 0 
0 0 
0 0 
0 0 
0 0 
0 0 
0 0 
0 0 
0 0 
0 0 
0 0 
0 0 
0 0 
0 0 
0 0 
0 0 
0 0 
0 0 
0 0 
0 0 
0 0 
0 0 
0 0 
0 0 
0 0 
0 0 
0 0 
0 0 
0 0 
0 0 
0 0 
0 0 
0 0 
0 0 
0 0 
0 0 
0 0 
0 0 
0 0 
0 0 
0 0 
0 0 
0 0 
0 0 
0 0 
0 0 
0 0 
0 0 
0 0 
0 0 
0 0 
0 0 
0 0 
0 0 
0 0 
0 0 
0 0 
0 0 
0 0 
0 0 
0 0 
0 0 
0 0 
0 0 
0 0 
0 0 
0 0 
0 0 
0 0 
0 0 
0 0 
0 0 
0 0 
0 0 
0 0 
0 0 
0 0 
0 0 
0 0 
0 0 
0 0 
0 0 
0 0 
0 0 
0 0 
0 0 
0 0 
0 0 
0 0 
0 0 
0 0 
0 0 
0 0 
0 0 
0 0 
0 0 
0 0 
0 0 
0 0 
0 0 
0 0 
0 0 
0 0 
0 0 
0 0 
0 0 
0 0 
0 0 
0 0 
0 0 
0 0 
0 0 
0 0 
0 0 
0 0 
0 0 
0 0 
0 0 
0 0 
0 0 
0 0 
0 0 
0 0 
0 0 
0 0 
0 0 
0 0 
0 0 
0 0 
0 0 
0 0 
0 0 
0 0 
0 0 
0 0 
0 0 
0 0 
0 0 
0 0 
0 0 
0 0 
0 0 
0 0 
0 0 
0 0 
0 0 
0 0 
0 0 
0 0 
0 0 
0 0 
0 0 
0 0 
0 0 
0 0 
0 0 
0 0 
0 0 
0 0 
0 0 
0 0 
0 0 
0 0 
0 0 
0 0 
0 0 
0 0 
0 0 
0 0 
0 0 
0 0 
0 0 
0 0 
0 0 
0 0 
0 0 
0 0 
0 0 
0 0 
0 0 
0 0 
0 0 
0 0 
0 0 
0 0 
0 0 
0 0 
0 0 
0 0 
0 0 
0 0 
0 0 
0 0 
0 0 
0 0 
0 0 
0 0 
0 0 
0 0 
0 0 
0 0 
0 0 
0 0 
0 0 
0 0 
0 0 
0 0 
0 0 
0 0 
0 0 
0 0 
0 0 
0 0 
0 0 
0 0 
0 0 
0 0 
0 0 
0 0 
0 0 
0 0 
0 0 
0 0 
0 0 
0 0 
0 0 
0 0 
0 0 
0 0 
0 0 
0 0 
0 0 
0 0 
0 0 
0 0 
0 0 
0 0 
0 0 
0 0 
0 0 
0 0 
0 0 
0 0 
0 0 
0 0 
0 0 
0 0 
0 0 
0 0 
0 0 
0 0 
0 0 
0 0 
0 0 
0 0 
0 0 
0 0 
0 0 
0 0 
0 0 
0 0 
0 0 
0 0 
0 0 
0 0 
0 0 
0 0 
0 0 
0 0 
0 0 

bulk_source_sink_solver_temp1:

bulk_source_sink_solver_temp2:

bulk_source_sink_solver_temp3:

bulk_source_sink_solver_setup_done: false
gradient_vectors:
0 0 0 0 0 0 
0 0 0 0 0 0 
0 0 0 0 0 0 
0 0 0 0 0 0 
0 0 0 0 0 0 
0 0 0 0 0 0 
0 0 0 0 0 0 
0 0 0 0 0 0 
0 0 0 0 0 0 
0 0 0 0 0 0 
0 0 0 0 0 0 
0 0 0 0 0 0 
0 0 0 0 0 0 
0 0 0 0 0 0 
0 0 0 0 0 0 
0 0 0 0 0 0 
0 0 0 0 0 0 
0 0 0 0 0 0 
0 0 0 0 0 0 
0 0 0 0 0 0 
0 0 0 0 0 0 
0 0 0 0 0 0 
0 0 0 0 0 0 
0 0 0 0 0 0 
0 0 0 0 0 0 
0 0 0 0 0 0 
0 0 0 0 0 0 
0 0 0 0 0 0 
0 0 0 0 0 0 
0 0 0 0 0 0 
0 0 0 0 0 0 
0 0 0 0 0 0 
0 0 0 0 0 0 
0 0 0 0 0 0 
0 0 0 0 0 0 
0 0 0 0 0 0 
0 0 0 0 0 0 
0 0 0 0 0 0 
0 0 0 0 0 0 
0 0 0 0 0 0 
0 0 0 0 0 0 
0 0 0 0 0 0 
0 0 0 0 0 0 
0 0 0 0 0 0 
0 0 0 0 0 0 
0 0 0 0 0 0 
0 0 0 0 0 0 
0 0 0 0 0 0 
0 0 0 0 0 0 
0 0 0 0 0 0 
0 0 0 0 0 0 
0 0 0 0 0 0 
0 0 0 0 0 0 
0 0 0 0 0 0 
0 0 0 0 0 0 
0 0 0 0 0 0 
0 0 0 0 0 0 
0 0 0 0 0 0 
0 0 0 0 0 0 
0 0 0 0 0 0 
0 0 0 0 0 0 
0 0 0 0 0 0 
0 0 0 0 0 0 
0 0 0 0 0 0 
0 0 0 0 0 0 
0 0 0 0 0 0 
0 0 0 0 0 0 
0 0 0 0 0 0 
0 0 0 0 0 0 
0 0 0 0 0 0 
0 0 0 0 0 0 
0 0 0 0 0 0 
0 0 0 0 0 0 
0 0 0 0 0 0 
0 0 0 0 0 0 
0 0 0 0 0 0 
0 0 0 0 0 0 
0 0 0 0 0 0 
0 0 0 0 0 0 
0 0 0 0 0 0 
0 0 0 0 0 0 
0 0 0 0 0 0 
0 0 0 0 0 0 
0 0 0 0 0 0 
0 0 0 0 0 0 
0 0 0 0 0 0 
0 0 0 0 0 0 
0 0 0 0 0 0 
0 0 0 0 0 0 
0 0 0 0 0 0 
0 0 0 0 0 0 
0 0 0 0 0 0 
0 0 0 0 0 0 
0 0 0 0 0 0 
0 0 0 0 0 0 
0 0 0 0 0 0 
0 0 0 0 0 0 
0 0 0 0 0 0 
0 0 0 0 0 0 
0 0 0 0 0 0 
0 0 0 0 0 0 
0 0 0 0 0 0 
0 0 0 0 0 0 
0 0 0 0 0 0 
0 0 0 0 0 0 
0 0 0 0 0 0 
0 0 0 0 0 0 
0 0 0 0 0 0 
0 0 0 0 0 0 
0 0 0 0 0 0 
0 0 0 0 0 0 
0 0 0 0 0 0 
0 0 0 0 0 0 
0 0 0 0 0 0 
0 0 0 0 0 0 
0 0 0 0 0 0 
0 0 0 0 0 0 
0 0 0 0 0 0 
0 0 0 0 0 0 
0 0 0 0 0 0 
0 0 0 0 0 0 
0 0 0 0 0 0 
0 0 0 0 0 0 
0 0 0 0 0 0 
0 0 0 0 0 0 
0 0 0 0 0 0 
0 0 0 0 0 0 
0 0 0 0 0 0 
0 0 0 0 0 0 
0 0 0 0 0 0 
0 0 0 0 0 0 
0 0 0 0 0 0 
0 0 0 0 0 0 
0 0 0 0 0 0 
0 0 0 0 0 0 
0 0 0 0 0 0 
0 0 0 0 0 0 
0 0 0 0 0 0 
0 0 0 0 0 0 
0 0 0 0 0 0 
0 0 0 0 0 0 
0 0 0 0 0 0 
0 0 0 0 0 0 
0 0 0 0 0 0 
0 0 0 0 0 0 
0 0 0 0 0 0 
0 0 0 0 0 0 
0 0 0 0 0 0 
0 0 0 0 0 0 
0 0 0 0 0 0 
0 0 0 0 0 0 
0 0 0 0 0 0 
0 0 0 0 0 0 
0 0 0 0 0 0 
0 0 0 0 0 0 
0 0 0 0 0 0 
0 0 0 0 0 0 
0 0 0 0 0 0 
0 0 0 0 0 0 
0 0 0 0 0 0 
0 0 0 0 0 0 
0 0 0 0 0 0 
0 0 0 0 0 0 
0 0 0 0 0 0 
0 0 0 0 0 0 
0 0 0 0 0 0 
0 0 0 0 0 0 
0 0 0 0 0 0 
0 0 0 0 0 0 
0 0 0 0 0 0 
0 0 0 0 0 0 
0 0 0 0 0 0 
0 0 0 0 0 0 
0 0 0 0 0 0 
0 0 0 0 0 0 
0 0 0 0 0 0 
0 0 0 0 0 0 
0 0 0 0 0 0 
0 0 0 0 0 0 
0 0 0 0 0 0 
0 0 0 0 0 0 
0 0 0 0 0 0 
0 0 0 0 0 0 
0 0 0 0 0 0 
0 0 0 0 0 0 
0 0 0 0 0 0 
0 0 0 0 0 0 
0 0 0 0 0 0 
0 0 0 0 0 0 
0 0 0 0 0 0 
0 0 0 0 0 0 
0 0 0 0 0 0 
0 0 0 0 0 0 
0 0 0 0 0 0 
0 0 0 0 0 0 
0 0 0 0 0 0 
0 0 0 0 0 0 
0 0 0 0 0 0 
0 0 0 0 0 0 
0 0 0 0 0 0 
0 0 0 0 0 0 
0 0 0 0 0 0 
0 0 0 0 0 0 
0 0 0 0 0 0 
0 0 0 0 0 0 
0 0 0 0 0 0 
0 0 0 0 0 0 
0 0 0 0 0 0 
0 0 0 0 0 0 
0 0 0 0 0 0 
0 0 0 0 0 0 
0 0 0 0 0 0 
0 0 0 0 0 0 
0 0 0 0 0 0 
0 0 0 0 0 0 
0 0 0 0 0 0 
0 0 0 0 0 0 
0 0 0 0 0 0 
0 0 0 0 0 0 
0 0 0 0 0 0 
0 0 0 0 0 0 
0 0 0 0 0 0 
0 0 0 0 0 0 
0 0 0 0 0 0 
0 0 0 0 0 0 
0 0 0 0 0 0 
0 0 0 0 0 0 
0 0 0 0 0 0 
0 0 0 0 0 0 
0 0 0 0 0 0 
0 0 0 0 0 0 
0 0 0 0 0 0 
0 0 0 0 0 0 
0 0 0 0 0 0 
0 0 0 0 0 0 
0 0 0 0 0 0 
0 0 0 0 0 0 
0 0 0 0 0 0 
0 0 0 0 0 0 
0 0 0 0 0 0 
0 0 0 0 0 0 
0 0 0 0 0 0 
0 0 0 0 0 0 
0 0 0 0 0 0 
0 0 0 0 0 0 
0 0 0 0 0 0 
0 0 0 0 0 0 
0 0 0 0 0 0 
0 0 0 0 0 0 
0 0 0 0 0 0 
0 0 0 0 0 0 
0 0 0 0 0 0 
0 0 0 0 0 0 
0 0 0 0 0 0 
0 0 0 0 0 0 
0 0 0 0 0 0 
0 0 0 0 0 0 
0 0 0 0 0 0 
0 0 0 0 0 0 
0 0 0 0 0 0 
0 0 0 0 0 0 
0 0 0 0 0 0 
0 0 0 0 0 0 
0 0 0 0 0 0 
0 0 0 0 0 0 
0 0 0 0 0 0 
0 0 0 0 0 0 
0 0 0 0 0 0 
0 0 0 0 0 0 
0 0 0 0 0 0 
0 0 0 0 0 0 
0 0 0 0 0 0 
0 0 0 0 0 0 
0 0 0 0 0 0 
0 0 0 0 0 0 
0 0 0 0 0 0 
0 0 0 0 0 0 
0 0 0 0 0 0 
0 0 0 0 0 0 
0 0 0 0 0 0 
0 0 0 0 0 0 
0 0 0 0 0 0 
0 0 0 0 0 0 
0 0 0 0 0 0 
0 0 0 0 0 0 
0 0 0 0 0 0 
0 0 0 0 0 0 
0 0 0 0 0 0 
0 0 0 0 0 0 
0 0 0 0 0 0 
0 0 0 0 0 0 
0 0 0 0 0 0 
0 0 0 0 0 0 
0 0 0 0 0 0 
0 0 0 0 0 0 
0 0 0 0 0 0 
0 0 0 0 0 0 
0 0 0 0 0 0 
0 0 0 0 0 0 
0 0 0 0 0 0 
0 0 0 0 0 0 
0 0 0 0 0 0 
0 0 0 0 0 0 
0 0 0 0 0 0 
0 0 0 0 0 0 
0 0 0 0 0 0 
0 0 0 0 0 0 
0 0 0 0 0 0 
0 0 0 0 0 0 
0 0 0 0 0 0 
0 0 0 0 0 0 
0 0 0 0 0 0 
0 0 0 0 0 0 
0 0 0 0 0 0 
0 0 0 0 0 0 
0 0 0 0 0 0 
0 0 0 0 0 0 
0 0 0 0 0 0 
0 0 0 0 0 0 
0 0 0 0 0 0 
0 0 0 0 0 0 
0 0 0 0 0 0 
0 0 0 0 0 0 
0 0 0 0 0 0 
0 0 0 0 0 0 
0 0 0 0 0 0 
0 0 0 0 0 0 
0 0 0 0 0 0 
0 0 0 0 0 0 
0 0 0 0 0 0 
0 0 0 0 0 0 
0 0 0 0 0 0 
0 0 0 0 0 0 
0 0 0 0 0 0 
0 0 0 0 0 0 
0 0 0 0 0 0 
0 0 0 0 0 0 
0 0 0 0 0 0 
0 0 0 0 0 0 
0 0 0 0 0 0 
0 0 0 0 0 0 
0 0 0 0 0 0 
0 0 0 0 0 0 
0 0 0 0 0 0 
0 0 0 0 0 0 
0 0 0 0 0 0 
0 0 0 0 0 0 
0 0 0 0 0 0 
0 0 0 0 0 0 
0 0 0 0 0 0 
0 0 0 0 0 0 
0 0 0 0 0 0 
0 0 0 0 0 0 
0 0 0 0 0 0 
0 0 0 0 0 0 
0 0 0 0 0 0 
0 0 0 0 0 0 
0 0 0 0 0 0 
0 0 0 0 0 0 
0 0 0 0 0 0 
0 0 0 0 0 0 
0 0 0 0 0 0 
0 0 0 0 0 0 
0 0 0 0 0 0 
0 0 0 0 0 0 
0 0 0 0 0 0 
0 0 0 0 0 0 
0 0 0 0 0 0 
0 0 0 0 0 0 
0 0 0 0 0 0 
0 0 0 0 0 0 
0 0 0 0 0 0 
0 0 0 0 0 0 
0 0 0 0 0 0 
0 0 0 0 0 0 
0 0 0 0 0 0 
0 0 0 0 0 0 
0 0 0 0 0 0 
0 0 0 0 0 0 
0 0 0 0 0 0 
0 0 0 0 0 0 
0 0 0 0 0 0 
0 0 0 0 0 0 
0 0 0 0 0 0 
0 0 0 0 0 0 
0 0 0 0 0 0 
0 0 0 0 0 0 
0 0 0 0 0 0 
0 0 0 0 0 0 
0 0 0 0 0 0 
0 0 0 0 0 0 
0 0 0 0 0 0 
0 0 0 0 0 0 
0 0 0 0 0 0 
0 0 0 0 0 0 
0 0 0 0 0 0 
0 0 0 0 0 0 
0 0 0 0 0 0 
0 0 0 0 0 0 
0 0 0 0 0 0 
0 0 0 0 0 0 
0 0 0 0 0 0 
0 0 0 0 0 0 
0 0 0 0 0 0 
0 0 0 0 0 0 
0 0 0 0 0 0 
0 0 0 0 0 0 
0 0 0 0 0 0 
0 0 0 0 0 0 
0 0 0 0 0 0 
0 0 0 0 0 0 
0 0 0 0 0 0 
0 0 0 0 0 0 
0 0 0 0 0 0 
0 0 0 0 0 0 
0 0 0 0 0 0 
0 0 0 0 0 0 
0 0 0 0 0 0 
0 0 0 0 0 0 
0 0 0 0 0 0 
0 0 0 0 0 0 
0 0 0 0 0 0 
0 0 0 0 0 0 
0 0 0 0 0 0 
0 0 0 0 0 0 
0 0 0 0 0 0 
0 0 0 0 0 0 
0 0 0 0 0 0 
0 0 0 0 0 0 
0 0 0 0 0 0 
0 0 0 0 0 0 
0 0 0 0 0 0 
0 0 0 0 0 0 
0 0 0 0 0 0 
0 0 0 0 0 0 
0 0 0 0 0 0 
0 0 0 0 0 0 
0 0 0 0 0 0 
0 0 0 0 0 0 
0 0 0 0 0 0 
0 0 0 0 0 0 
0 0 0 0 0 0 
0 0 0 0 0 0 
0 0 0 0 0 0 
0 0 0 0 0 0 
0 0 0 0 0 0 
0 0 0 0 0 0 
0 0 0 0 0 0 
0 0 0 0 0 0 
0 0 0 0 0 0 
0 0 0 0 0 0 
0 0 0 0 0 0 
0 0 0 0 0 0 
0 0 0 0 0 0 
0 0 0 0 0 0 
0 0 0 0 0 0 
0 0 0 0 0 0 
0 0 0 0 0 0 
0 0 0 0 0 0 
0 0 0 0 0 0 
0 0 0 0 0 0 
0 0 0 0 0 0 
0 0 0 0 0 0 
0 0 0 0 0 0 
0 0 0 0 0 0 
0 0 0 0 0 0 
0 0 0 0 0 0 
0 0 0 0 0 0 
0 0 0 0 0 0 
0 0 0 0 0 0 
0 0 0 0 0 0 
0 0 0 0 0 0 
0 0 0 0 0 0 
0 0 0 0 0 0 
0 0 0 0 0 0 
0 0 0 0 0 0 
0 0 0 0 0 0 
0 0 0 0 0 0 
0 0 0 0 0 0 
0 0 0 0 0 0 
0 0 0 0 0 0 
0 0 0 0 0 0 
0 0 0 0 0 0 
0 0 0 0 0 0 
0 0 0 0 0 0 
0 0 0 0 0 0 
0 0 0 0 0 0 
0 0 0 0 0 0 
0 0 0 0 0 0 
0 0 0 0 0 0 
0 0 0 0 0 0 
0 0 0 0 0 0 
0 0 0 0 0 0 
0 0 0 0 0 0 
0 0 0 0 0 0 
0 0 0 0 0 0 
0 0 0 0 0 0 
0 0 0 0 0 0 
0 0 0 0 0 0 
0 0 0 0 0 0 
0 0 0 0 0 0 
0 0 0 0 0 0 
0 0 0 0 0 0 
0 0 0 0 0 0 
0 0 0 0 0 0 
0 0 0 0 0 0 
0 0 0 0 0 0 
0 0 0 0 0 0 
0 0 0 0 0 0 
0 0 0 0 0 0 
0 0 0 0 0 0 
0 0 0 0 0 0 
0 0 0 0 0 0 
0 0 0 0 0 0 
0 0 0 0 0 0 
0 0 0 0 0 0 
0 0 0 0 0 0 
0 0 0 0 0 0 
0 0 0 0 0 0 
0 0 0 0 0 0 
0 0 0 0 0 0 
0 0 0 0 0 0 
0 0 0 0 0 0 
0 0 0 0 0 0 
0 0 0 0 0 0 
0 0 0 0 0 0 
0 0 0 0 0 0 
0 0 0 0 0 0 
0 0 0 0 0 0 
0 0 0 0 0 0 
0 0 0 0 0 0 
0 0 0 0 0 0 
0 0 0 0 0 0 
0 0 0 0 0 0 
0 0 0 0 0 0 
0 0 0 0 0 0 
0 0 0 0 0 0 
0 0 0 0 0 0 
0 0 0 0 0 0 
0 0 0 0 0 0 
0 0 0 0 0 0 
0 0 0 0 0 0 
0 0 0 0 0 0 
0 0 0 0 0 0 
0 0 0 0 0 0 
0 0 0 0 0 0 
0 0 0 0 0 0 
0 0 0 0 0 0 
0 0 0 0 0 0 
0 0 0 0 0 0 
0 0 0 0 0 0 
0 0 0 0 0 0 
0 0 0 0 0 0 
0 0 0 0 0 0 
0 0 0 0 0 0 
0 0 0 0 0 0 
0 0 0 0 0 0 
0 0 0 0 0 0 
0 0 0 0 0 0 
0 0 0 0 0 0 
0 0 0 0 0 0 
0 0 0 0 0 0 
0 0 0 0 0 0 
0 0 0 0 0 0 
0 0 0 0 0 0 
0 0 0 0 0 0 
0 0 0 0 0 0 
0 0 0 0 0 0 
0 0 0 0 0 0 
0 0 0 0 0 0 
0 0 0 0 0 0 
0 0 0 0 0 0 
0 0 0 0 0 0 
0 0 0 0 0 0 
0 0 0 0 0 0 
0 0 0 0 0 0 
0 0 0 0 0 0 
0 0 0 0 0 0 
0 0 0 0 0 0 
0 0 0 0 0 0 
0 0 0 0 0 0 
0 0 0 0 0 0 
0 0 0 0 0 0 
0 0 0 0 0 0 
0 0 0 0 0 0 
0 0 0 0 0 0 
0 0 0 0 0 0 
0 0 0 0 0 0 
0 0 0 0 0 0 
0 0 0 0 0 0 
0 0 0 0 0 0 
0 0 0 0 0 0 
0 0 0 0 0 0 
0 0 0 0 0 0 
0 0 0 0 0 0 
0 0 0 0 0 0 
0 0 0 0 0 0 
0 0 0 0 0 0 
0 0 0 0 0 0 
0 0 0 0 0 0 
0 0 0 0 0 0 
0 0 0 0 0 0 
0 0 0 0 0 0 
0 0 0 0 0 0 
0 0 0 0 0 0 
0 0 0 0 0 0 
0 0 0 0 0 0 
0 0 0 0 0 0 
0 0 0 0 0 0 
0 0 0 0 0 0 
0 0 0 0 0 0 
0 0 0 0 0 0 
0 0 0 0 0 0 
0 0 0 0 0 0 
0 0 0 0 0 0 
0 0 0 0 0 0 
0 0 0 0 0 0 
0 0 0 0 0 0 
0 0 0 0 0 0 
0 0 0 0 0 0 
0 0 0 0 0 0 
0 0 0 0 0 0 
0 0 0 0 0 0 
0 0 0 0 0 0 
0 0 0 0 0 0 
0 0 0 0 0 0 
0 0 0 0 0 0 
0 0 0 0 0 0 
0 0 0 0 0 0 
0 0 0 0 0 0 
0 0 0 0 0 0 
0 0 0 0 0 0 
0 0 0 0 0 0 
0 0 0 0 0 0 
0 0 0 0 0 0 
0 0 0 0 0 0 
0 0 0 0 0 0 
0 0 0 0 0 0 
0 0 0 0 0 0 
0 0 0 0 0 0 
0 0 0 0 0 0 
0 0 0 0 0 0 
0 0 0 0 0 0 
0 0 0 0 0 0 
0 0 0 0 0 0 
0 0 0 0 0 0 
0 0 0 0 0 0 
0 0 0 0 0 0 
0 0 0 0 0 0 
0 0 0 0 0 0 
0 0 0 0 0 0 
0 0 0 0 0 0 
0 0 0 0 0 0 
0 0 0 0 0 0 
0 0 0 0 0 0 
0 0 0 0 0 0 
0 0 0 0 0 0 
0 0 0 0 0 0 
0 0 0 0 0 0 
0 0 0 0 0 0 
0 0 0 0 0 0 
0 0 0 0 0 0 
0 0 0 0 0 0 
0 0 0 0 0 0 
0 0 0 0 0 0 
0 0 0 0 0 0 
0 0 0 0 0 0 
0 0 0 0 0 0 
0 0 0 0 0 0 
0 0 0 0 0 0 
0 0 0 0 0 0 
0 0 0 0 0 0 
0 0 0 0 0 0 
0 0 0 0 0 0 
0 0 0 0 0 0 
0 0 0 0 0 0 
0 0 0 0 0 0 
0 0 0 0 0 0 
0 0 0 0 0 0 
0 0 0 0 0 0 
0 0 0 0 0 0 
0 0 0 0 0 0 
0 0 0 0 0 0 
0 0 0 0 0 0 
0 0 0 0 0 0 
0 0 0 0 0 0 
0 0 0 0 0 0 
0 0 0 0 0 0 
0 0 0 0 0 0 
0 0 0 0 0 0 
0 0 0 0 0 0 
0 0 0 0 0 0 
0 0 0 0 0 0 
0 0 0 0 0 0 
0 0 0 0 0 0 
0 0 0 0 0 0 
0 0 0 0 0 0 
0 0 0 0 0 0 
0 0 0 0 0 0 
0 0 0 0 0 0 
0 0 0 0 0 0 
0 0 0 0 0 0 
0 0 0 0 0 0 
0 0 0 0 0 0 
0 0 0 0 0 0 
0 0 0 0 0 0 
0 0 0 0 0 0 
0 0 0 0 0 0 
0 0 0 0 0 0 
0 0 0 0 0 0 
0 0 0 0 0 0 
0 0 0 0 0 0 
0 0 0 0 0 0 
0 0 0 0 0 0 
0 0 0 0 0 0 
0 0 0 0 0 0 
0 0 0 0 0 0 
0 0 0 0 0 0 
0 0 0 0 0 0 
0 0 0 0 0 0 
0 0 0 0 0 0 
0 0 0 0 0 0 
0 0 0 0 0 0 
0 0 0 0 0 0 
0 0 0 0 0 0 
0 0 0 0 0 0 
0 0 0 0 0 0 
0 0 0 0 0 0 
0 0 0 0 0 0 
0 0 0 0 0 0 
0 0 0 0 0 0 
0 0 0 0 0 0 
0 0 0 0 0 0 
0 0 0 0 0 0 
0 0 0 0 0 0 
0 0 0 0 0 0 
0 0 0 0 0 0 
0 0 0 0 0 0 
0 0 0 0 0 0 
0 0 0 0 0 0 
0 0 0 0 0 0 
0 0 0 0 0 0 
0 0 0 0 0 0 
0 0 0 0 0 0 
0 0 0 0 0 0 
0 0 0 0 0 0 
0 0 0 0 0 0 
0 0 0 0 0 0 
0 0 0 0 0 0 
0 0 0 0 0 0 
0 0 0 0 0 0 
0 0 0 0 0 0 
0 0 0 0 0 0 
0 0 0 0 0 0 
0 0 0 0 0 0 
0 0 0 0 0 0 
0 0 0 0 0 0 
0 0 0 0 0 0 
0 0 0 0 0 0 
0 0 0 0 0 0 
0 0 0 0 0 0 
0 0 0 0 0 0 
0 0 0 0 0 0 
0 0 0 0 0 0 
0 0 0 0 0 0 
0 0 0 0 0 0 
0 0 0 0 0 0 
0 0 0 0 0 0 
0 0 0 0 0 0 
0 0 0 0 0 0 
0 0 0 0 0 0 
0 0 0 0 0 0 
0 0 0 0 0 0 
0 0 0 0 0 0 
0 0 0 0 0 0 
0 0 0 0 0 0 
0 0 0 0 0 0 
0 0 0 0 0 0 
0 0 0 0 0 0 
0 0 0 0 0 0 
0 0 0 0 0 0 
0 0 0 0 0 0 
0 0 0 0 0 0 
0 0 0 0 0 0 
0 0 0 0 0 0 
0 0 0 0 0 0 
0 0 0 0 0 0 
0 0 0 0 0 0 
0 0 0 0 0 0 
0 0 0 0 0 0 
0 0 0 0 0 0 
0 0 0 0 0 0 
0 0 0 0 0 0 
0 0 0 0 0 0 
0 0 0 0 0 0 
0 0 0 0 0 0 
0 0 0 0 0 0 
0 0 0 0 0 0 
0 0 0 0 0 0 
0 0 0 0 0 0 
0 0 0 0 0 0 
0 0 0 0 0 0 
0 0 0 0 0 0 
0 0 0 0 0 0 
0 0 0 0 0 0 
0 0 0 0 0 0 
0 0 0 0 0 0 
0 0 0 0 0 0 
0 0 0 0 0 0 
0 0 0 0 0 0 
0 0 0 0 0 0 
0 0 0 0 0 0 
0 0 0 0 0 0 
0 0 0 0 0 0 
0 0 0 0 0 0 
0 0 0 0 0 0 
0 0 0 0 0 0 
0 0 0 0 0 0 
0 0 0 0 0 0 
0 0 0 0 0 0 
0 0 0 0 0 0 
0 0 0 0 0 0 
0 0 0 0 0 0 
0 0 0 0 0 0 
0 0 0 0 0 0 
0 0 0 0 0 0 
0 0 0 0 0 0 
0 0 0 0 0 0 
0 0 0 0 0 0 
0 0 0 0 0 0 
0 0 0 0 0 0 
0 0 0 0 0 0 
0 0 0 0 0 0 
0 0 0 0 0 0 
0 0 0 0 0 0 
0 0 0 0 0 0 
0 0 0 0 0 0 
0 0 0 0 0 0 
0 0 0 0 0 0 
0 0 0 0 0 0 
0 0 0 0 0 0 
0 0 0 0 0 0 
0 0 0 0 0 0 
0 0 0 0 0 0 
0 0 0 0 0 0 
0 0 0 0 0 0 
0 0 0 0 0 0 
0 0 0 0 0 0 
0 0 0 0 0 0 
0 0 0 0 0 0 
0 0 0 0 0 0 
0 0 0 0 0 0 
0 0 0 0 0 0 
0 0 0 0 0 0 
0 0 0 0 0 0 
0 0 0 0 0 0 
0 0 0 0 0 0 
0 0 0 0 0 0 
0 0 0 0 0 0 
0 0 0 0 0 0 
0 0 0 0 0 0 
0 0 0 0 0 0 
0 0 0 0 0 0 
0 0 0 0 0 0 
0 0 0 0 0 0 
0 0 0 0 0 0 
0 0 0 0 0 0 
0 0 0 0 0 0 
0 0 0 0 0 0 
0 0 0 0 0 0 
0 0 0 0 0 0 
0 0 0 0 0 0 
0 0 0 0 0 0 
0 0 0 0 0 0 
0 0 0 0 0 0 
0 0 0 0 0 0 
0 0 0 0 0 0 
0 0 0 0 0 0 
0 0 0 0 0 0 
0 0 0 0 0 0 
0 0 0 0 0 0 
0 0 0 0 0 0 
0 0 0 0 0 0 
0 0 0 0 0 0 
0 0 0 0 0 0 
0 0 0 0 0 0 
0 0 0 0 0 0 
0 0 0 0 0 0 
0 0 0 0 0 0 
0 0 0 0 0 0 
0 0 0 0 0 0 
0 0 0 0 0 0 
0 0 0 0 0 0 
0 0 0 0 0 0 
0 0 0 0 0 0 
0 0 0 0 0 0 
0 0 0 0 0 0 
0 0 0 0 0 0 
0 0 0 0 0 0 
0 0 0 0 0 0 
0 0 0 0 0 0 
0 0 0 0 0 0 
0 0 0 0 0 0 
0 0 0 0 0 0 
0 0 0 0 0 0 
0 0 0 0 0 0 
0 0 0 0 0 0 
0 0 0 0 0 0 
0 0 0 0 0 0 
0 0 0 0 0 0 
0 0 0 0 0 0 
0 0 0 0 0 0 
0 0 0 0 0 0 
0 0 0 0 0 0 
0 0 0 0 0 0 
0 0 0 0 0 0 
0 0 0 0 0 0 
0 0 0 0 0 0 
0 0 0 0 0 0 
0 0 0 0 0 0 
0 0 0 0 0 0 
0 0 0 0 0 0 
0 0 0 0 0 0 
0 0 0 0 0 0 
0 0 0 0 0 0 
0 0 0 0 0 0 
0 0 0 0 0 0 
0 0 0 0 0 0 
0 0 0 0 0 0 
0 0 0 0 0 0 
0 0 0 0 0 0 
0 0 0 0 0 0 
0 0 0 0 0 0 
0 0 0 0 0 0 
0 0 0 0 0 0 
0 0 0 0 0 0 
0 0 0 0 0 0 
0 0 0 0 0 0 
0 0 0 0 0 0 
0 0 0 0 0 0 
0 0 0 0 0 0 
0 0 0 0 0 0 
0 0 0 0 0 0 
0 0 0 0 0 0 
0 0 0 0 0 0 
0 0 0 0 0 0 
0 0 0 0 0 0 
0 0 0 0 0 0 
0 0 0 0 0 0 
0 0 0 0 0 0 
0 0 0 0 0 0 
0 0 0 0 0 0 
0 0 0 0 0 0 
0 0 0 0 0 0 
0 0 0 0 0 0 
0 0 0 0 0 0 
0 0 0 0 0 0 
0 0 0 0 0 0 
0 0 0 0 0 0 
0 0 0 0 0 0 
0 0 0 0 0 0 
0 0 0 0 0 0 
0 0 0 0 0 0 
0 0 0 0 0 0 
0 0 0 0 0 0 
0 0 0 0 0 0 
0 0 0 0 0 0 
0 0 0 0 0 0 
0 0 0 0 0 0 
0 0 0 0 0 0 
0 0 0 0 0 0 
0 0 0 0 0 0 
0 0 0 0 0 0 
0 0 0 0 0 0 
0 0 0 0 0 0 
0 0 0 0 0 0 
0 0 0 0 0 0 
0 0 0 0 0 0 
0 0 0 0 0 0 
0 0 0 0 0 0 
0 0 0 0 0 0 
0 0 0 0 0 0 
0 0 0 0 0 0 
0 0 0 0 0 0 
0 0 0 0 0 0 
0 0 0 0 0 0 
0 0 0 0 0 0 
0 0 0 0 0 0 
0 0 0 0 0 0 
0 0 0 0 0 0 
0 0 0 0 0 0 
0 0 0 0 0 0 
0 0 0 0 0 0 
0 0 0 0 0 0 
0 0 0 0 0 0 
0 0 0 0 0 0 
0 0 0 0 0 0 
0 0 0 0 0 0 
0 0 0 0 0 0 
0 0 0 0 0 0 
0 0 0 0 0 0 
0 0 0 0 0 0 
0 0 0 0 0 0 
0 0 0 0 0 0 
0 0 0 0 0 0 
0 0 0 0 0 0 
0 0 0 0 0 0 
0 0 0 0 0 0 
0 0 0 0 0 0 
0 0 0 0 0 0 
0 0 0 0 0 0 
0 0 0 0 0 0 
0 0 0 0 0 0 
0 0 0 0 0 0 
0 0 0 0 0 0 
0 0 0 0 0 0 
0 0 0 0 0 0 
0 0 0 0 0 0 
0 0 0 0 0 0 
0 0 0 0 0 0 
0 0 0 0 0 0 
0 0 0 0 0 0 
0 0 0 0 0 0 
0 0 0 0 0 0 
0 0 0 0 0 0 
0 0 0 0 0 0 
0 0 0 0 0 0 
0 0 0 0 0 0 
0 0 0 0 0 0 
0 0 0 0 0 0 
0 0 0 0 0 0 
0 0 0 0 0 0 
0 0 0 0 0 0 
0 0 0 0 0 0 
0 0 0 0 0 0 
0 0 0 0 0 0 
0 0 0 0 0 0 
0 0 0 0 0 0 
0 0 0 0 0 0 
0 0 0 0 0 0 
0 0 0 0 0 0 
0 0 0 0 0 0 
0 0 0 0 0 0 
0 0 0 0 0 0 
0 0 0 0 0 0 
0 0 0 0 0 0 
0 0 0 0 0 0 
0 0 0 0 0 0 
0 0 0 0 0 0 
0 0 0 0 0 0 
0 0 0 0 0 0 
0 0 0 0 0 0 
0 0 0 0 0 0 
0 0 0 0 0 0 
0 0 0 0 0 0 
0 0 0 0 0 0 
0 0 0 0 0 0 
0 0 0 0 0 0 
0 0 0 0 0 0 
0 0 0 0 0 0 
0 0 0 0 0 0 
0 0 0 0 0 0 
0 0 0 0 0 0 
0 0 0 0 0 0 
0 0 0 0 0 0 
0 0 0 0 0 0 
0 0 0 0 0 0 
0 0 0 0 0 0 
0 0 0 0 0 0 
0 0 0 0 0 0 
0 0 0 0 0 0 
0 0 0 0 0 0 
0 0 0 0 0 0 
0 0 0 0 0 0 
0 0 0 0 0 0 
0 0 0 0 0 0 
0 0 0 0 0 0 
0 0 0 0 0 0 
0 0 0 0 0 0 
0 0 0 0 0 0 
0 0 0 0 0 0 
0 0 0 0 0 0 
0 0 0 0 0 0 
0 0 0 0 0 0 
0 0 0 0 0 0 
0 0 0 0 0 0 
0 0 0 0 0 0 
0 0 0 0 0 0 
0 0 0 0 0 0 
0 0 0 0 0 0 
0 0 0 0 0 0 
0 0 0 0 0 0 
0 0 0 0 0 0 
0 0 0 0 0 0 
0 0 0 0 0 0 
0 0 0 0 0 0 
0 0 0 0 0 0 
0 0 0 0 0 0 
0 0 0 0 0 0 
0 0 0 0 0 0 
0 0 0 0 0 0 
0 0 0 0 0 0 
0 0 0 0 0 0 
0 0 0 0 0 0 
0 0 0 0 0 0 
0 0 0 0 0 0 
0 0 0 0 0 0 
0 0 0 0 0 0 
0 0 0 0 0 0 
0 0 0 0 0 0 
0 0 0 0 0 0 
0 0 0 0 0 0 
0 0 0 0 0 0 
0 0 0 0 0 0 
0 0 0 0 0 0 
0 0 0 0 0 0 
0 0 0 0 0 0 
0 0 0 0 0 0 
0 0 0 0 0 0 
0 0 0 0 0 0 
0 0 0 0 0 0 
0 0 0 0 0 0 
0 0 0 0 0 0 
0 0 0 0 0 0 
0 0 0 0 0 0 
0 0 0 0 0 0 
0 0 0 0 0 0 
0 0 0 0 0 0 
0 0 0 0 0 0 
0 0 0 0 0 0 
0 0 0 0 0 0 
0 0 0 0 0 0 
0 0 0 0 0 0 
0 0 0 0 0 0 
0 0 0 0 0 0 
0 0 0 0 0 0 
0 0 0 0 0 0 
0 0 0 0 0 0 
0 0 0 0 0 0 
0 0 0 0 0 0 
0 0 0 0 0 0 
0 0 0 0 0 0 
0 0 0 0 0 0 
0 0 0 0 0 0 
0 0 0 0 0 0 
0 0 0 0 0 0 
0 0 0 0 0 0 
0 0 0 0 0 0 
0 0 0 0 0 0 
0 0 0 0 0 0 
0 0 0 0 0 0 
0 0 0 0 0 0 
0 0 0 0 0 0 
0 0 0 0 0 0 
0 0 0 0 0 0 
0 0 0 0 0 0 
0 0 0 0 0 0 
0 0 0 0 0 0 
0 0 0 0 0 0 
0 0 0 0 0 0 
0 0 0 0 0 0 
0 0 0 0 0 0 
0 0 0 0 0 0 
0 0 0 0 0 0 
0 0 0 0 0 0 
0 0 0 0 0 0 
0 0 0 0 0 0 
0 0 0 0 0 0 
0 0 0 0 0 0 
0 0 0 0 0 0 
0 0 0 0 0 0 
0 0 0 0 0 0 
0 0 0 0 0 0 
0 0 0 0 0 0 
0 0 0 0 0 0 
0 0 0 0 0 0 
0 0 0 0 0 0 
0 0 0 0 0 0 
0 0 0 0 0 0 
0 0 0 0 0 0 
0 0 0 0 0 0 
0 0 0 0 0 0 
0 0 0 0 0 0 
0 0 0 0 0 0 
0 0 0 0 0 0 
0 0 0 0 0 0 
0 0 0 0 0 0 
0 0 0 0 0 0 
0 0 0 0 0 0 
0 0 0 0 0 0 
0 0 0 0 0 0 
0 0 0 0 0 0 
0 0 0 0 0 0 
0 0 0 0 0 0 
0 0 0 0 0 0 
0 0 0 0 0 0 
0 0 0 0 0 0 
0 0 0 0 0 0 
0 0 0 0 0 0 
0 0 0 0 0 0 
0 0 0 0 0 0 
0 0 0 0 0 0 
0 0 0 0 0 0 
0 0 0 0 0 0 
0 0 0 0 0 0 
0 0 0 0 0 0 
0 0 0 0 0 0 
0 0 0 0 0 0 
0 0 0 0 0 0 
0 0 0 0 0 0 
0 0 0 0 0 0 
0 0 0 0 0 0 
0 0 0 0 0 0 
0 0 0 0 0 0 
0 0 0 0 0 0 
0 0 0 0 0 0 
0 0 0 0 0 0 
0 0 0 0 0 0 
0 0 0 0 0 0 
0 0 0 0 0 0 
0 0 0 0 0 0 
0 0 0 0 0 0 
0 0 0 0 0 0 
0 0 0 0 0 0 
0 0 0 0 0 0 
0 0 0 0 0 0 
0 0 0 0 0 0 
0 0 0 0 0 0 
0 0 0 0 0 0 
0 0 0 0 0 0 
0 0 0 0 0 0 
0 0 0 0 0 0 
0 0 0 0 0 0 
0 0 0 0 0 0 
0 0 0 0 0 0 
0 0 0 0 0 0 
0 0 0 0 0 0 
0 0 0 0 0 0 
0 0 0 0 0 0 
0 0 0 0 0 0 
0 0 0 0 0 0 
0 0 0 0 0 0 
0 0 0 0 0 0 
0 0 0 0 0 0 
0 0 0 0 0 0 
0 0 0 0 0 0 
0 0 0 0 0 0 
0 0 0 0 0 0 
0 0 0 0 0 0 
0 0 0 0 0 0 
0 0 0 0 0 0 
0 0 0 0 0 0 
0 0 0 0 0 0 
0 0 0 0 0 0 
0 0 0 0 0 0 
0 0 0 0 0 0 
0 0 0 0 0 0 
0 0 0 0 0 0 
0 0 0 0 0 0 
0 0 0 0 0 0 
0 0 0 0 0 0 
0 0 0 0 0 0 
0 0 0 0 0 0 
0 0 0 0 0 0 
0 0 0 0 0 0 
0 0 0 0 0 0 
0 0 0 0 0 0 
0 0 0 0 0 0 
0 0 0 0 0 0 
0 0 0 0 0 0 
0 0 0 0 0 0 
0 0 0 0 0 0 
0 0 0 0 0 0 
0 0 0 0 0 0 
0 0 0 0 0 0 
0 0 0 0 0 0 
0 0 0 0 0 0 
0 0 0 0 0 0 
0 0 0 0 0 0 
0 0 0 0 0 0 
0 0 0 0 0 0 
0 0 0 0 0 0 
0 0 0 0 0 0 
0 0 0 0 0 0 
0 0 0 0 0 0 
0 0 0 0 0 0 
0 0 0 0 0 0 
0 0 0 0 0 0 
0 0 0 0 0 0 
0 0 0 0 0 0 
0 0 0 0 0 0 
0 0 0 0 0 0 
0 0 0 0 0 0 
0 0 0 0 0 0 
0 0 0 0 0 0 
0 0 0 0 0 0 
0 0 0 0 0 0 
0 0 0 0 0 0 
0 0 0 0 0 0 
0 0 0 0 0 0 
0 0 0 0 0 0 
0 0 0 0 0 0 
0 0 0 0 0 0 
0 0 0 0 0 0 
0 0 0 0 0 0 
0 0 0 0 0 0 
0 0 0 0 0 0 
0 0 0 0 0 0 
0 0 0 0 0 0 
0 0 0 0 0 0 
0 0 0 0 0 0 
0 0 0 0 0 0 
0 0 0 0 0 0 
0 0 0 0 0 0 
0 0 0 0 0 0 
0 0 0 0 0 0 
0 0 0 0 0 0 
0 0 0 0 0 0 
0 0 0 0 0 0 
0 0 0 0 0 0 
0 0 0 0 0 0 
0 0 0 0 0 0 
0 0 0 0 0 0 
0 0 0 0 0 0 
0 0 0 0 0 0 
0 0 0 0 0 0 
0 0 0 0 0 0 
0 0 0 0 0 0 
0 0 0 0 0 0 
0 0 0 0 0 0 
0 0 0 0 0 0 
0 0 0 0 0 0 
0 0 0 0 0 0 
0 0 0 0 0 0 
0 0 0 0 0 0 
0 0 0 0 0 0 
0 0 0 0 0 0 
0 0 0 0 0 0 
0 0 0 0 0 0 
0 0 0 0 0 0 
0 0 0 0 0 0 
0 0 0 0 0 0 
0 0 0 0 0 0 
0 0 0 0 0 0 
0 0 0 0 0 0 
0 0 0 0 0 0 
0 0 0 0 0 0 
0 0 0 0 0 0 
0 0 0 0 0 0 
0 0 0 0 0 0 
0 0 0 0 0 0 
0 0 0 0 0 0 
0 0 0 0 0 0 
0 0 0 0 0 0 
0 0 0 0 0 0 
0 0 0 0 0 0 
0 0 0 0 0 0 
0 0 0 0 0 0 
0 0 0 0 0 0 
0 0 0 0 0 0 
0 0 0 0 0 0 
0 0 0 0 0 0 
0 0 0 0 0 0 
0 0 0 0 0 0 
0 0 0 0 0 0 
0 0 0 0 0 0 
0 0 0 0 0 0 
0 0 0 0 0 0 
0 0 0 0 0 0 
0 0 0 0 0 0 
0 0 0 0 0 0 
0 0 0 0 0 0 
0 0 0 0 0 0 
0 0 0 0 0 0 
0 0 0 0 0 0 
0 0 0 0 0 0 
0 0 0 0 0 0 
0 0 0 0 0 0 
0 0 0 0 0 0 
0 0 0 0 0 0 
0 0 0 0 0 0 
0 0 0 0 0 0 
0 0 0 0 0 0 
0 0 0 0 0 0 
0 0 0 0 0 0 
0 0 0 0 0 0 
0 0 0 0 0 0 
0 0 0 0 0 0 
0 0 0 0 0 0 
0 0 0 0 0 0 
0 0 0 0 0 0 
0 0 0 0 0 0 
0 0 0 0 0 0 
0 0 0 0 0 0 
0 0 0 0 0 0 
0 0 0 0 0 0 
0 0 0 0 0 0 
0 0 0 0 0 0 
0 0 0 0 0 0 
0 0 0 0 0 0 
0 0 0 0 0 0 
0 0 0 0 0 0 
0 0 0 0 0 0 
0 0 0 0 0 0 
0 0 0 0 0 0 
0 0 0 0 0 0 
0 0 0 0 0 0 
0 0 0 0 0 0 
0 0 0 0 0 0 
0 0 0 0 0 0 
0 0 0 0 0 0 
0 0 0 0 0 0 
0 0 0 0 0 0 
0 0 0 0 0 0 
0 0 0 0 0 0 
0 0 0 0 0 0 
0 0 0 0 0 0 
0 0 0 0 0 0 
0 0 0 0 0 0 
0 0 0 0 0 0 
0 0 0 0 0 0 
0 0 0 0 0 0 
0 0 0 0 0 0 
0 0 0 0 0 0 
0 0 0 0 0 0 
0 0 0 0 0 0 
0 0 0 0 0 0 
0 0 0 0 0 0 
0 0 0 0 0 0 
0 0 0 0 0 0 
0 0 0 0 0 0 
0 0 0 0 0 0 
0 0 0 0 0 0 
0 0 0 0 0 0 
0 0 0 0 0 0 
0 0 0 0 0 0 
0 0 0 0 0 0 
0 0 0 0 0 0 
0 0 0 0 0 0 
0 0 0 0 0 0 
0 0 0 0 0 0 
0 0 0 0 0 0 
0 0 0 0 0 0 
0 0 0 0 0 0 
0 0 0 0 0 0 
0 0 0 0 0 0 
0 0 0 0 0 0 
0 0 0 0 0 0 
0 0 0 0 0 0 
0 0 0 0 0 0 
0 0 0 0 0 0 
0 0 0 0 0 0 
0 0 0 0 0 0 
0 0 0 0 0 0 
0 0 0 0 0 0 
0 0 0 0 0 0 
0 0 0 0 0 0 
0 0 0 0 0 0 
0 0 0 0 0 0 
0 0 0 0 0 0 
0 0 0 0 0 0 
0 0 0 0 0 0 
0 0 0 0 0 0 
0 0 0 0 0 0 
0 0 0 0 0 0 
0 0 0 0 0 0 
0 0 0 0 0 0 
0 0 0 0 0 0 
0 0 0 0 0 0 
0 0 0 0 0 0 
0 0 0 0 0 0 
0 0 0 0 0 0 
0 0 0 0 0 0 
0 0 0 0 0 0 
0 0 0 0 0 0 
0 0 0 0 0 0 
0 0 0 0 0 0 
0 0 0 0 0 0 
0 0 0 0 0 0 
0 0 0 0 0 0 
0 0 0 0 0 0 
0 0 0 0 0 0 
0 0 0 0 0 0 
0 0 0 0 0 0 
0 0 0 0 0 0 
0 0 0 0 0 0 
0 0 0 0 0 0 
0 0 0 0 0 0 
0 0 0 0 0 0 
0 0 0 0 0 0 
0 0 0 0 0 0 
0 0 0 0 0 0 
0 0 0 0 0 0 
0 0 0 0 0 0 
0 0 0 0 0 0 
0 0 0 0 0 0 
0 0 0 0 0 0 
0 0 0 0 0 0 
0 0 0 0 0 0 
0 0 0 0 0 0 
0 0 0 0 0 0 
0 0 0 0 0 0 
0 0 0 0 0 0 
0 0 0 0 0 0 
0 0 0 0 0 0 
0 0 0 0 0 0 
0 0 0 0 0 0 
0 0 0 0 0 0 
0 0 0 0 0 0 
0 0 0 0 0 0 
0 0 0 0 0 0 
0 0 0 0 0 0 
0 0 0 0 0 0 
0 0 0 0 0 0 
0 0 0 0 0 0 
0 0 0 0 0 0 
0 0 0 0 0 0 
0 0 0 0 0 0 
0 0 0 0 0 0 
0 0 0 0 0 0 
0 0 0 0 0 0 
0 0 0 0 0 0 
0 0 0 0 0 0 
0 0 0 0 0 0 
0 0 0 0 0 0 
0 0 0 0 0 0 
0 0 0 0 0 0 
0 0 0 0 0 0 
0 0 0 0 0 0 
0 0 0 0 0 0 
0 0 0 0 0 0 
0 0 0 0 0 0 
0 0 0 0 0 0 
0 0 0 0 0 0 
0 0 0 0 0 0 
0 0 0 0 0 0 
0 0 0 0 0 0 
0 0 0 0 0 0 
0 0 0 0 0 0 
0 0 0 0 0 0 
0 0 0 0 0 0 
0 0 0 0 0 0 
0 0 0 0 0 0 
0 0 0 0 0 0 
0 0 0 0 0 0 
0 0 0 0 0 0 
0 0 0 0 0 0 
0 0 0 0 0 0 
0 0 0 0 0 0 
0 0 0 0 0 0 
0 0 0 0 0 0 
0 0 0 0 0 0 
0 0 0 0 0 0 
0 0 0 0 0 0 
0 0 0 0 0 0 
0 0 0 0 0 0 
0 0 0 0 0 0 
0 0 0 0 0 0 
0 0 0 0 0 0 
0 0 0 0 0 0 
0 0 0 0 0 0 
0 0 0 0 0 0 
0 0 0 0 0 0 
0 0 0 0 0 0 
0 0 0 0 0 0 
0 0 0 0 0 0 
0 0 0 0 0 0 
0 0 0 0 0 0 
0 0 0 0 0 0 
0 0 0 0 0 0 
0 0 0 0 0 0 
0 0 0 0 0 0 
0 0 0 0 0 0 
0 0 0 0 0 0 
0 0 0 0 0 0 
0 0 0 0 0 0 
0 0 0 0 0 0 
0 0 0 0 0 0 
0 0 0 0 0 0 
0 0 0 0 0 0 
0 0 0 0 0 0 
0 0 0 0 0 0 
0 0 0 0 0 0 
0 0 0 0 0 0 
0 0 0 0 0 0 
0 0 0 0 0 0 
0 0 0 0 0 0 
0 0 0 0 0 0 
0 0 0 0 0 0 
0 0 0 0 0 0 
0 0 0 0 0 0 
0 0 0 0 0 0 
0 0 0 0 0 0 
0 0 0 0 0 0 
0 0 0 0 0 0 
0 0 0 0 0 0 
0 0 0 0 0 0 
0 0 0 0 0 0 
0 0 0 0 0 0 
0 0 0 0 0 0 
0 0 0 0 0 0 
0 0 0 0 0 0 
0 0 0 0 0 0 
0 0 0 0 0 0 
0 0 0 0 0 0 
0 0 0 0 0 0 
0 0 0 0 0 0 
0 0 0 0 0 0 
0 0 0 0 0 0 
0 0 0 0 0 0 
0 0 0 0 0 0 
0 0 0 0 0 0 
0 0 0 0 0 0 
0 0 0 0 0 0 
0 0 0 0 0 0 
0 0 0 0 0 0 
0 0 0 0 0 0 
0 0 0 0 0 0 
0 0 0 0 0 0 
0 0 0 0 0 0 
0 0 0 0 0 0 
0 0 0 0 0 0 
0 0 0 0 0 0 
0 0 0 0 0 0 
0 0 0 0 0 0 
0 0 0 0 0 0 
0 0 0 0 0 0 
0 0 0 0 0 0 
0 0 0 0 0 0 
0 0 0 0 0 0 
0 0 0 0 0 0 
0 0 0 0 0 0 
0 0 0 0 0 0 
0 0 0 0 0 0 
0 0 0 0 0 0 
0 0 0 0 0 0 
0 0 0 0 0 0 
0 0 0 0 0 0 
0 0 0 0 0 0 
0 0 0 0 0 0 
0 0 0 0 0 0 
0 0 0 0 0 0 
0 0 0 0 0 0 
0 0 0 0 0 0 
0 0 0 0 0 0 
0 0 0 0 0 0 
0 0 0 0 0 0 
0 0 0 0 0 0 
0 0 0 0 0 0 
0 0 0 0 0 0 
0 0 0 0 0 0 
0 0 0 0 0 0 
0 0 0 0 0 0 
0 0 0 0 0 0 
0 0 0 0 0 0 
0 0 0 0 0 0 
0 0 0 0 0 0 
0 0 0 0 0 0 
0 0 0 0 0 0 
0 0 0 0 0 0 
0 0 0 0 0 0 
0 0 0 0 0 0 
0 0 0 0 0 0 
0 0 0 0 0 0 
0 0 0 0 0 0 
0 0 0 0 0 0 
0 0 0 0 0 0 
0 0 0 0 0 0 
0 0 0 0 0 0 
0 0 0 0 0 0 
0 0 0 0 0 0 
0 0 0 0 0 0 
0 0 0 0 0 0 
0 0 0 0 0 0 
0 0 0 0 0 0 
0 0 0 0 0 0 
0 0 0 0 0 0 
0 0 0 0 0 0 
0 0 0 0 0 0 
0 0 0 0 0 0 
0 0 0 0 0 0 
0 0 0 0 0 0 
0 0 0 0 0 0 
0 0 0 0 0 0 
0 0 0 0 0 0 
0 0 0 0 0 0 
0 0 0 0 0 0 
0 0 0 0 0 0 
0 0 0 0 0 0 
0 0 0 0 0 0 
0 0 0 0 0 0 
0 0 0 0 0 0 
0 0 0 0 0 0 
0 0 0 0 0 0 
0 0 0 0 0 0 
0 0 0 0 0 0 
0 0 0 0 0 0 
0 0 0 0 0 0 
0 0 0 0 0 0 
0 0 0 0 0 0 
0 0 0 0 0 0 
0 0 0 0 0 0 
0 0 0 0 0 0 
0 0 0 0 0 0 
0 0 0 0 0 0 
0 0 0 0 0 0 
0 0 0 0 0 0 
0 0 0 0 0 0 
0 0 0 0 0 0 
0 0 0 0 0 0 
0 0 0 0 0 0 
0 0 0 0 0 0 
0 0 0 0 0 0 
0 0 0 0 0 0 
0 0 0 0 0 0 
0 0 0 0 0 0 
0 0 0 0 0 0 
0 0 0 0 0 0 
0 0 0 0 0 0 
0 0 0 0 0 0 
0 0 0 0 0 0 
0 0 0 0 0 0 
0 0 0 0 0 0 
0 0 0 0 0 0 
0 0 0 0 0 0 
0 0 0 0 0 0 
0 0 0 0 0 0 
0 0 0 0 0 0 
0 0 0 0 0 0 
0 0 0 0 0 0 
0 0 0 0 0 0 
0 0 0 0 0 0 
0 0 0 0 0 0 
0 0 0 0 0 0 
0 0 0 0 0 0 
0 0 0 0 0 0 
0 0 0 0 0 0 
0 0 0 0 0 0 
0 0 0 0 0 0 
0 0 0 0 0 0 
0 0 0 0 0 0 
0 0 0 0 0 0 
0 0 0 0 0 0 
0 0 0 0 0 0 
0 0 0 0 0 0 
0 0 0 0 0 0 
0 0 0 0 0 0 
0 0 0 0 0 0 
0 0 0 0 0 0 
0 0 0 0 0 0 
0 0 0 0 0 0 
0 0 0 0 0 0 
0 0 0 0 0 0 
0 0 0 0 0 0 
0 0 0 0 0 0 
0 0 0 0 0 0 
0 0 0 0 0 0 
0 0 0 0 0 0 
0 0 0 0 0 0 
0 0 0 0 0 0 
0 0 0 0 0 0 
0 0 0 0 0 0 
0 0 0 0 0 0 
0 0 0 0 0 0 
0 0 0 0 0 0 
0 0 0 0 0 0 
0 0 0 0 0 0 
0 0 0 0 0 0 
0 0 0 0 0 0 
0 0 0 0 0 0 
0 0 0 0 0 0 
0 0 0 0 0 0 
0 0 0 0 0 0 
0 0 0 0 0 0 
0 0 0 0 0 0 
0 0 0 0 0 0 
0 0 0 0 0 0 
0 0 0 0 0 0 
0 0 0 0 0 0 
0 0 0 0 0 0 
0 0 0 0 0 0 
0 0 0 0 0 0 
0 0 0 0 0 0 
0 0 0 0 0 0 
0 0 0 0 0 0 
0 0 0 0 0 0 
0 0 0 0 0 0 
0 0 0 0 0 0 
0 0 0 0 0 0 
0 0 0 0 0 0 
0 0 0 0 0 0 
0 0 0 0 0 0 
0 0 0 0 0 0 
0 0 0 0 0 0 
0 0 0 0 0 0 
0 0 0 0 0 0 
0 0 0 0 0 0 
0 0 0 0 0 0 
0 0 0 0 0 0 
0 0 0 0 0 0 
0 0 0 0 0 0 
0 0 0 0 0 0 
0 0 0 0 0 0 
0 0 0 0 0 0 
0 0 0 0 0 0 
0 0 0 0 0 0 
0 0 0 0 0 0 
0 0 0 0 0 0 
0 0 0 0 0 0 
0 0 0 0 0 0 
0 0 0 0 0 0 
0 0 0 0 0 0 
0 0 0 0 0 0 
0 0 0 0 0 0 
0 0 0 0 0 0 
0 0 0 0 0 0 
0 0 0 0 0 0 
0 0 0 0 0 0 
0 0 0 0 0 0 
0 0 0 0 0 0 
0 0 0 0 0 0 
0 0 0 0 0 0 
0 0 0 0 0 0 
0 0 0 0 0 0 
0 0 0 0 0 0 
0 0 0 0 0 0 
0 0 0 0 0 0 
0 0 0 0 0 0 
0 0 0 0 0 0 
0 0 0 0 0 0 
0 0 0 0 0 0 
0 0 0 0 0 0 
0 0 0 0 0 0 
0 0 0 0 0 0 
0 0 0 0 0 0 
0 0 0 0 0 0 
0 0 0 0 0 0 
0 0 0 0 0 0 
0 0 0 0 0 0 
0 0 0 0 0 0 
0 0 0 0 0 0 
0 0 0 0 0 0 
0 0 0 0 0 0 
0 0 0 0 0 0 
0 0 0 0 0 0 
0 0 0 0 0 0 
0 0 0 0 0 0 
0 0 0 0 0 0 
0 0 0 0 0 0 
0 0 0 0 0 0 
0 0 0 0 0 0 
0 0 0 0 0 0 
0 0 0 0 0 0 
0 0 0 0 0 0 
0 0 0 0 0 0 
0 0 0 0 0 0 
0 0 0 0 0 0 
0 0 0 0 0 0 
0 0 0 0 0 0 
0 0 0 0 0 0 
0 0 0 0 0 0 
0 0 0 0 0 0 
0 0 0 0 0 0 
0 0 0 0 0 0 
0 0 0 0 0 0 
0 0 0 0 0 0 
0 0 0 0 0 0 
0 0 0 0 0 0 
0 0 0 0 0 0 
0 0 0 0 0 0 
0 0 0 0 0 0 
0 0 0 0 0 0 
0 0 0 0 0 0 
0 0 0 0 0 0 
0 0 0 0 0 0 
0 0 0 0 0 0 
0 0 0 0 0 0 
0 0 0 0 0 0 
0 0 0 0 0 0 
0 0 0 0 0 0 
0 0 0 0 0 0 
0 0 0 0 0 0 
0 0 0 0 0 0 
0 0 0 0 0 0 
0 0 0 0 0 0 
0 0 0 0 0 0 
0 0 0 0 0 0 
0 0 0 0 0 0 
0 0 0 0 0 0 
0 0 0 0 0 0 
0 0 0 0 0 0 
0 0 0 0 0 0 
0 0 0 0 0 0 
0 0 0 0 0 0 
0 0 0 0 0 0 
0 0 0 0 0 0 
0 0 0 0 0 0 
0 0 0 0 0 0 
0 0 0 0 0 0 
0 0 0 0 0 0 
0 0 0 0 0 0 
0 0 0 0 0 0 
0 0 0 0 0 0 
0 0 0 0 0 0 
0 0 0 0 0 0 
0 0 0 0 0 0 
0 0 0 0 0 0 
0 0 0 0 0 0 
0 0 0 0 0 0 
0 0 0 0 0 0 
0 0 0 0 0 0 
0 0 0 0 0 0 
0 0 0 0 0 0 
0 0 0 0 0 0 
0 0 0 0 0 0 
0 0 0 0 0 0 
0 0 0 0 0 0 
0 0 0 0 0 0 
0 0 0 0 0 0 
0 0 0 0 0 0 
0 0 0 0 0 0 
0 0 0 0 0 0 
0 0 0 0 0 0 
0 0 0 0 0 0 
0 0 0 0 0 0 
0 0 0 0 0 0 
0 0 0 0 0 0 
0 0 0 0 0 0 
0 0 0 0 0 0 
0 0 0 0 0 0 
0 0 0 0 0 0 
0 0 0 0 0 0 
0 0 0 0 0 0 
0 0 0 0 0 0 
0 0 0 0 0 0 
0 0 0 0 0 0 
0 0 0 0 0 0 
0 0 0 0 0 0 
0 0 0 0 0 0 
0 0 0 0 0 0 
0 0 0 0 0 0 
0 0 0 0 0 0 
0 0 0 0 0 0 
0 0 0 0 0 0 
0 0 0 0 0 0 
0 0 0 0 0 0 
0 0 0 0 0 0 
0 0 0 0 0 0 
0 0 0 0 0 0 
0 0 0 0 0 0 
0 0 0 0 0 0 
0 0 0 0 0 0 
0 0 0 0 0 0 
0 0 0 0 0 0 
0 0 0 0 0 0 
0 0 0 0 0 0 
0 0 0 0 0 0 
0 0 0 0 0 0 
0 0 0 0 0 0 
0 0 0 0 0 0 
0 0 0 0 0 0 
0 0 0 0 0 0 
0 0 0 0 0 0 
0 0 0 0 0 0 
0 0 0 0 0 0 
0 0 0 0 0 0 
0 0 0 0 0 0 
0 0 0 0 0 0 
0 0 0 0 0 0 
0 0 0 0 0 0 
0 0 0 0 0 0 
0 0 0 0 0 0 
0 0 0 0 0 0 
0 0 0 0 0 0 
0 0 0 0 0 0 
0 0 0 0 0 0 
0 0 0 0 0 0 
0 0 0 0 0 0 
0 0 0 0 0 0 
0 0 0 0 0 0 
0 0 0 0 0 0 
0 0 0 0 0 0 
0 0 0 0 0 0 
0 0 0 0 0 0 
0 0 0 0 0 0 
0 0 0 0 0 0 
0 0 0 0 0 0 
0 0 0 0 0 0 
0 0 0 0 0 0 
0 0 0 0 0 0 
0 0 0 0 0 0 
0 0 0 0 0 0 
0 0 0 0 0 0 
0 0 0 0 0 0 
0 0 0 0 0 0 
0 0 0 0 0 0 
0 0 0 0 0 0 
0 0 0 0 0 0 
0 0 0 0 0 0 
0 0 0 0 0 0 
0 0 0 0 0 0 
0 0 0 0 0 0 
0 0 0 0 0 0 
0 0 0 0 0 0 
0 0 0 0 0 0 
0 0 0 0 0 0 
0 0 0 0 0 0 
0 0 0 0 0 0 
0 0 0 0 0 0 
0 0 0 0 0 0 
0 0 0 0 0 0 
0 0 0 0 0 0 
0 0 0 0 0 0 
0 0 0 0 0 0 
0 0 0 0 0 0 
0 0 0 0 0 0 
0 0 0 0 0 0 
0 0 0 0 0 0 
0 0 0 0 0 0 
0 0 0 0 0 0 
0 0 0 0 0 0 
0 0 0 0 0 0 
0 0 0 0 0 0 
0 0 0 0 0 0 
0 0 0 0 0 0 
0 0 0 0 0 0 
0 0 0 0 0 0 
0 0 0 0 0 0 
0 0 0 0 0 0 
0 0 0 0 0 0 
0 0 0 0 0 0 
0 0 0 0 0 0 
0 0 0 0 0 0 
0 0 0 0 0 0 
0 0 0 0 0 0 
0 0 0 0 0 0 
0 0 0 0 0 0 
0 0 0 0 0 0 
0 0 0 0 0 0 
0 0 0 0 0 0 
0 0 0 0 0 0 
0 0 0 0 0 0 
0 0 0 0 0 0 
0 0 0 0 0 0 
0 0 0 0 0 0 
0 0 0 0 0 0 
0 0 0 0 0 0 
0 0 0 0 0 0 
0 0 0 0 0 0 
0 0 0 0 0 0 
0 0 0 0 0 0 
0 0 0 0 0 0 
0 0 0 0 0 0 
0 0 0 0 0 0 
0 0 0 0 0 0 
0 0 0 0 0 0 
0 0 0 0 0 0 
0 0 0 0 0 0 
0 0 0 0 0 0 
0 0 0 0 0 0 
0 0 0 0 0 0 
0 0 0 0 0 0 
0 0 0 0 0 0 
0 0 0 0 0 0 
0 0 0 0 0 0 
0 0 0 0 0 0 
0 0 0 0 0 0 
0 0 0 0 0 0 
0 0 0 0 0 0 
0 0 0 0 0 0 
0 0 0 0 0 0 
0 0 0 0 0 0 
0 0 0 0 0 0 
0 0 0 0 0 0 
0 0 0 0 0 0 
0 0 0 0 0 0 
0 0 0 0 0 0 
0 0 0 0 0 0 
0 0 0 0 0 0 
0 0 0 0 0 0 
0 0 0 0 0 0 
0 0 0 0 0 0 
0 0 0 0 0 0 
0 0 0 0 0 0 
0 0 0 0 0 0 
0 0 0 0 0 0 
0 0 0 0 0 0 
0 0 0 0 0 0 
0 0 0 0 0 0 
0 0 0 0 0 0 
0 0 0 0 0 0 
0 0 0 0 0 0 
0 0 0 0 0 0 
0 0 0 0 0 0 
0 0 0 0 0 0 
0 0 0 0 0 0 
0 0 0 0 0 0 
0 0 0 0 0 0 
0 0 0 0 0 0 
0 0 0 0 0 0 
0 0 0 0 0 0 
0 0 0 0 0 0 
0 0 0 0 0 0 
0 0 0 0 0 0 
0 0 0 0 0 0 
0 0 0 0 0 0 
0 0 0 0 0 0 
0 0 0 0 0 0 
0 0 0 0 0 0 
0 0 0 0 0 0 
0 0 0 0 0 0 
0 0 0 0 0 0 
0 0 0 0 0 0 
0 0 0 0 0 0 
0 0 0 0 0 0 
0 0 0 0 0 0 
0 0 0 0 0 0 
0 0 0 0 0 0 
0 0 0 0 0 0 
0 0 0 0 0 0 
0 0 0 0 0 0 
0 0 0 0 0 0 
0 0 0 0 0 0 
0 0 0 0 0 0 
0 0 0 0 0 0 
0 0 0 0 0 0 
0 0 0 0 0 0 
0 0 0 0 0 0 
0 0 0 0 0 0 
0 0 0 0 0 0 
0 0 0 0 0 0 
0 0 0 0 0 0 
0 0 0 0 0 0 
0 0 0 0 0 0 
0 0 0 0 0 0 
0 0 0 0 0 0 
0 0 0 0 0 0 
0 0 0 0 0 0 
0 0 0 0 0 0 
0 0 0 0 0 0 
0 0 0 0 0 0 
0 0 0 0 0 0 
0 0 0 0 0 0 
0 0 0 0 0 0 
0 0 0 0 0 0 
0 0 0 0 0 0 
0 0 0 0 0 0 
0 0 0 0 0 0 
0 0 0 0 0 0 
0 0 0 0 0 0 
0 0 0 0 0 0 
0 0 0 0 0 0 
0 0 0 0 0 0 
0 0 0 0 0 0 
0 0 0 0 0 0 
0 0 0 0 0 0 
0 0 0 0 0 0 
0 0 0 0 0 0 
0 0 0 0 0 0 
0 0 0 0 0 0 
0 0 0 0 0 0 
0 0 0 0 0 0 
0 0 0 0 0 0 
0 0 0 0 0 0 
0 0 0 0 0 0 
0 0 0 0 0 0 
0 0 0 0 0 0 
0 0 0 0 0 0 
0 0 0 0 0 0 
0 0 0 0 0 0 
0 0 0 0 0 0 
0 0 0 0 0 0 
0 0 0 0 0 0 
0 0 0 0 0 0 
0 0 0 0 0 0 
0 0 0 0 0 0 
0 0 0 0 0 0 
0 0 0 0 0 0 
0 0 0 0 0 0 
0 0 0 0 0 0 
0 0 0 0 0 0 
0 0 0 0 0 0 
0 0 0 0 0 0 
0 0 0 0 0 0 
0 0 0 0 0 0 
0 0 0 0 0 0 
0 0 0 0 0 0 
0 0 0 0 0 0 
0 0 0 0 0 0 
0 0 0 0 0 0 
0 0 0 0 0 0 
0 0 0 0 0 0 
0 0 0 0 0 0 
0 0 0 0 0 0 
0 0 0 0 0 0 
0 0 0 0 0 0 
0 0 0 0 0 0 
0 0 0 0 0 0 
0 0 0 0 0 0 
0 0 0 0 0 0 
0 0 0 0 0 0 
0 0 0 0 0 0 
0 0 0 0 0 0 
0 0 0 0 0 0 
0 0 0 0 0 0 
0 0 0 0 0 0 
0 0 0 0 0 0 
0 0 0 0 0 0 
0 0 0 0 0 0 
0 0 0 0 0 0 
0 0 0 0 0 0 
0 0 0 0 0 0 
0 0 0 0 0 0 
0 0 0 0 0 0 
0 0 0 0 0 0 
0 0 0 0 0 0 
0 0 0 0 0 0 
0 0 0 0 0 0 
0 0 0 0 0 0 
0 0 0 0 0 0 
0 0 0 0 0 0 
0 0 0 0 0 0 
0 0 0 0 0 0 
0 0 0 0 0 0 
0 0 0 0 0 0 
0 0 0 0 0 0 
0 0 0 0 0 0 
0 0 0 0 0 0 
0 0 0 0 0 0 
0 0 0 0 0 0 
0 0 0 0 0 0 
0 0 0 0 0 0 
0 0 0 0 0 0 
0 0 0 0 0 0 
0 0 0 0 0 0 
0 0 0 0 0 0 
0 0 0 0 0 0 
0 0 0 0 0 0 
0 0 0 0 0 0 
0 0 0 0 0 0 
0 0 0 0 0 0 
0 0 0 0 0 0 
0 0 0 0 0 0 
0 0 0 0 0 0 
0 0 0 0 0 0 
0 0 0 0 0 0 
0 0 0 0 0 0 
0 0 0 0 0 0 
0 0 0 0 0 0 
0 0 0 0 0 0 
0 0 0 0 0 0 
0 0 0 0 0 0 
0 0 0 0 0 0 
0 0 0 0 0 0 
0 0 0 0 0 0 
0 0 0 0 0 0 
0 0 0 0 0 0 
0 0 0 0 0 0 
0 0 0 0 0 0 
0 0 0 0 0 0 
0 0 0 0 0 0 
0 0 0 0 0 0 
0 0 0 0 0 0 
0 0 0 0 0 0 
0 0 0 0 0 0 
0 0 0 0 0 0 
0 0 0 0 0 0 
0 0 0 0 0 0 
0 0 0 0 0 0 
0 0 0 0 0 0 
0 0 0 0 0 0 
0 0 0 0 0 0 
0 0 0 0 0 0 
0 0 0 0 0 0 
0 0 0 0 0 0 
0 0 0 0 0 0 
0 0 0 0 0 0 
0 0 0 0 0 0 
0 0 0 0 0 0 
0 0 0 0 0 0 
0 0 0 0 0 0 
0 0 0 0 0 0 
0 0 0 0 0 0 
0 0 0 0 0 0 
0 0 0 0 0 0 
0 0 0 0 0 0 
0 0 0 0 0 0 
0 0 0 0 0 0 
0 0 0 0 0 0 
0 0 0 0 0 0 
0 0 0 0 0 0 
0 0 0 0 0 0 
0 0 0 0 0 0 
0 0 0 0 0 0 
0 0 0 0 0 0 
0 0 0 0 0 0 
0 0 0 0 0 0 
0 0 0 0 0 0 
0 0 0 0 0 0 
0 0 0 0 0 0 
0 0 0 0 0 0 
0 0 0 0 0 0 
0 0 0 0 0 0 
0 0 0 0 0 0 
0 0 0 0 0 0 
0 0 0 0 0 0 
0 0 0 0 0 0 
0 0 0 0 0 0 
0 0 0 0 0 0 
0 0 0 0 0 0 
0 0 0 0 0 0 
0 0 0 0 0 0 
0 0 0 0 0 0 
0 0 0 0 0 0 
0 0 0 0 0 0 
0 0 0 0 0 0 
0 0 0 0 0 0 
0 0 0 0 0 0 
0 0 0 0 0 0 
0 0 0 0 0 0 
0 0 0 0 0 0 
0 0 0 0 0 0 
0 0 0 0 0 0 
0 0 0 0 0 0 
0 0 0 0 0 0 
0 0 0 0 0 0 
0 0 0 0 0 0 
0 0 0 0 0 0 
0 0 0 0 0 0 
0 0 0 0 0 0 
0 0 0 0 0 0 
0 0 0 0 0 0 
0 0 0 0 0 0 
0 0 0 0 0 0 
0 0 0 0 0 0 
0 0 0 0 0 0 
0 0 0 0 0 0 
0 0 0 0 0 0 
0 0 0 0 0 0 
0 0 0 0 0 0 
0 0 0 0 0 0 
0 0 0 0 0 0 
0 0 0 0 0 0 
0 0 0 0 0 0 
0 0 0 0 0 0 
0 0 0 0 0 0 
0 0 0 0 0 0 
0 0 0 0 0 0 
0 0 0 0 0 0 
0 0 0 0 0 0 
0 0 0 0 0 0 
0 0 0 0 0 0 
0 0 0 0 0 0 
0 0 0 0 0 0 
0 0 0 0 0 0 
0 0 0 0 0 0 
0 0 0 0 0 0 
0 0 0 0 0 0 
0 0 0 0 0 0 
0 0 0 0 0 0 
0 0 0 0 0 0 
0 0 0 0 0 0 
0 0 0 0 0 0 
0 0 0 0 0 0 
0 0 0 0 0 0 
0 0 0 0 0 0 
0 0 0 0 0 0 
0 0 0 0 0 0 
0 0 0 0 0 0 
0 0 0 0 0 0 
0 0 0 0 0 0 
0 0 0 0 0 0 
0 0 0 0 0 0 
0 0 0 0 0 0 
0 0 0 0 0 0 
0 0 0 0 0 0 
0 0 0 0 0 0 
0 0 0 0 0 0 
0 0 0 0 0 0 
0 0 0 0 0 0 
0 0 0 0 0 0 
0 0 0 0 0 0 
0 0 0 0 0 0 
0 0 0 0 0 0 
0 0 0 0 0 0 
0 0 0 0 0 0 
0 0 0 0 0 0 
0 0 0 0 0 0 
0 0 0 0 0 0 
0 0 0 0 0 0 
0 0 0 0 0 0 
0 0 0 0 0 0 
0 0 0 0 0 0 
0 0 0 0 0 0 
0 0 0 0 0 0 
0 0 0 0 0 0 
0 0 0 0 0 0 
0 0 0 0 0 0 
0 0 0 0 0 0 
0 0 0 0 0 0 
0 0 0 0 0 0 
0 0 0 0 0 0 
0 0 0 0 0 0 
0 0 0 0 0 0 
0 0 0 0 0 0 
0 0 0 0 0 0 
0 0 0 0 0 0 
0 0 0 0 0 0 
0 0 0 0 0 0 
0 0 0 0 0 0 
0 0 0 0 0 0 
0 0 0 0 0 0 
0 0 0 0 0 0 
0 0 0 0 0 0 
0 0 0 0 0 0 
0 0 0 0 0 0 
0 0 0 0 0 0 
0 0 0 0 0 0 
0 0 0 0 0 0 
0 0 0 0 0 0 
0 0 0 0 0 0 
0 0 0 0 0 0 
0 0 0 0 0 0 
0 0 0 0 0 0 
0 0 0 0 0 0 
0 0 0 0 0 0 
0 0 0 0 0 0 
0 0 0 0 0 0 
0 0 0 0 0 0 
0 0 0 0 0 0 
0 0 0 0 0 0 
0 0 0 0 0 0 
0 0 0 0 0 0 
0 0 0 0 0 0 
0 0 0 0 0 0 
0 0 0 0 0 0 
0 0 0 0 0 0 
0 0 0 0 0 0 
0 0 0 0 0 0 
0 0 0 0 0 0 
0 0 0 0 0 0 
0 0 0 0 0 0 
0 0 0 0 0 0 
0 0 0 0 0 0 
0 0 0 0 0 0 
0 0 0 0 0 0 
0 0 0 0 0 0 
0 0 0 0 0 0 
0 0 0 0 0 0 
0 0 0 0 0 0 
0 0 0 0 0 0 
0 0 0 0 0 0 
0 0 0 0 0 0 
0 0 0 0 0 0 
0 0 0 0 0 0 
0 0 0 0 0 0 
0 0 0 0 0 0 
0 0 0 0 0 0 
0 0 0 0 0 0 
0 0 0 0 0 0 
0 0 0 0 0 0 
0 0 0 0 0 0 
0 0 0 0 0 0 
0 0 0 0 0 0 
0 0 0 0 0 0 
0 0 0 0 0 0 
0 0 0 0 0 0 
0 0 0 0 0 0 
0 0 0 0 0 0 
0 0 0 0 0 0 
0 0 0 0 0 0 
0 0 0 0 0 0 
0 0 0 0 0 0 
0 0 0 0 0 0 
0 0 0 0 0 0 
0 0 0 0 0 0 
0 0 0 0 0 0 
0 0 0 0 0 0 
0 0 0 0 0 0 
0 0 0 0 0 0 
0 0 0 0 0 0 
0 0 0 0 0 0 
0 0 0 0 0 0 
0 0 0 0 0 0 
0 0 0 0 0 0 
0 0 0 0 0 0 
0 0 0 0 0 0 
0 0 0 0 0 0 
0 0 0 0 0 0 
0 0 0 0 0 0 
0 0 0 0 0 0 
0 0 0 0 0 0 
0 0 0 0 0 0 
0 0 0 0 0 0 
0 0 0 0 0 0 
0 0 0 0 0 0 
0 0 0 0 0 0 
0 0 0 0 0 0 
0 0 0 0 0 0 
0 0 0 0 0 0 

gradient_vector_computed: true true true true true true true true true true true true true true true true true true true true true true true true true true true true true true true true true true true true true true true true true true true true true true true true true true true true true true true true true true true true true true true true true true true true true true true true true true true true true true true true true true true true true true true true true true true true true true true true true true true true true true true true true true true true true true true true true true true true true true true true true true true true true true true true true true true true true true true true true true true true true true true true true true true true true true true true true true true true true true true true true true true true true true true true true true true true true true true true true true true true true true true true true true true true true true true true true true true true true true true true true true true true true true true true true true true true true true true true true true true true true true true true true true true true true true true true true true true true true true true true true true true true true true true true true true true true true true true true true true true true true true true true true true true true true true true true true true true true true true true true true true true true true true true true true true true true true true true true true true true true true true true true true true true true true true true true true true true true true true true true true true true true true true true true true true true true true true true true true true true true true true true true true true true true true true true true true true true true true true true true true true true true true true true true true true true true true true true true true true true true true true true true true true true true true true true true true true true true true true true true true true true true true true true true true true true true true true true true true true true true true true true true true true true true true true true true true true true true true true true true true true true true true true true true true true true true true true true true true true true true true true true true true true true true true true true true true true true true true true true true true true true true true true true true true true true true true true true true true true true true true true true true true true true true true true true true true true true true true true true true true true true true true true true true true true true true true true true true true true true true true true true true true true true true true true true true true true true true true true true true true true true true true true true true true true true true true true true true true true true true true true true true true true true true true true true true true true true true true true true true true true true true true true true true true true true true true true true true true true true true true true true true true true true true true true true true true true true true true true true true true true true true true true true true true true true true true true true true true true true true true true true true true true true true true true true true true true true true true true true true true true true true true true true true true true true true true true true true true true true true true true true true true true true true true true true true true true true true true true true true true true true true true true true true true true true true true true true true true true true true true true true true true true true true true true true true true true true true true true true true true true true true true true true true true true true true true true true true true true true true true true true true true true true true true true true true true true true true true true true true true true true true true true true true true true true true true true true true true true true true true true true true true true true true true true true true true true true true true true true true true true true true true true true true true true true true true true true true true true true true true true true true true true true true true true true true true true true true true true true true true true true true true true true true true true true true true true true true true true true true true true true true true true true true true true true true true true true true true true true true true true true true true true true true true true true true true true true true true true true true true true true true true true true true true true true true true true true true true true true true true true true true true true true true true true true true true true true true true true true true true true true true true true true true true true true true true true true true true true true true true true true true true true true true true true true true true true true true true true true true true true true true true true true true true true true true true true true true true true true true true true true true true true true true true true true true true true true true true true true true true true true true true true true true true true true true true true true true true true true true true true true true true true true true true true true true true true true true true true true true true true true true true true true true true true true true true true true true true true true true true true true true true true true true true true true true true true true true true true true true true true true true true true true true true true true true true true true true true true true true true true true true true true true true true true true true true true true true true true true true true true true true true true true true true true true true true true true true true true true true true true true true true true true true true true true true true true true true true true true true true true true true true true true true true true true true true true true true true true true true true true true true true true true true true true true true true true true true true true true true true true true true true true true true true true true true true true true true true true true true true true true true true true true true true true true true true true true true true true true true true true true true true true true true true true true true true true true true true true true true true true true true true true true true true true true true true true true true true true true true true true true true true true true true true true true true true true true true true true true true true true true true true true true true true true true true true true true true true true true true true true true true true true true true true true true true true true true true true true true true true true true true true true true true true true true true true true true true true true true true true true true true true true true true true true true true true true true true true true true true true true true true true true true true true true true true true true true true true true true true true true true true true true true true true true true true true true true true true true true true true true true true true true true true true true true true true true true true true true true true true true true true true true true true true true true true true true true true true true true true true true true true true true true true true true true true true true true true true true true true true true true true true true true true true true true true true true true true true true true true true true true true true true true true true true true true true true true true true true true true true true true true true true true true true true true true true true true true true true true true true true true true true true true true true true true true true true true true true true true true true true true true true true true true true true true true true true true true true true true true true true true true true true true true true true true true true true true true true true true true true true true true true true true true true true true true true true true true true true true true true true true true true true true true true true true true true true true true true true true true true true true true true true true true true true true true true true true true true true true true true true true true true true true true true true true true true true true true true true true true true true true true true true true true true true true true true true true true true true true true true true true true true true true true true true true true true true true true true true true true true true true true true true true true true true true true true true true true true true true true true true true true true true true true true true true true true true true true true true true true true true true true true true true true true true true true true true true true true true true true true true true true true true true true true true true true true true true true true true true true true true true true true true true true true true true true true true true true true true true true true true true true true true true true true true true true true true true true true true true true true true true true true true true true true true true true true true true true true true true true true true true true true true true true true true true true true true true true true true true true true true true true true true true true true true true true true true true true true true true true true true true true true true true true true true true true true true true true true true true true true true true true true true true true true true true true true true true true true true true true true true true true true true true true true true true true true true true true true true true true true true true true true true true true true true true true true true true true true true true true true true true true true true true true true true true true true true true true true true true true true true true true true true true true true true true true true true true true true true true true true true true true true true true true true true true true true true true true true true true true true true true true true true true true true true true true true true true true true true true true true true true true true true true true true true true true true true true true true true true true true true true true true true true true true true true true true true true true true true true true true true true true true true true true true true true true true true true true true true true true true true true true true true true true true true true true true true true true true true true true true true true true true true true true true true true true true true true true true true true true true true true true true true true true true true true true true true true true true true true true true true true true true true true true true true true true true true true true true true true true true true true true true true true true true true true true true true true true true true true true true true true true true true true true true true true true true true true true true true true true true true true true true true true true true true true true true true true true true true true true true true true true true true true true true true true true true true true true true true true true true true true true true true true true true true true true true true true true true true true true true true true true true true true true true true true true true true true true true true true true true true true true true true true true true true true true true true true true true true true true true true true true true true true true true true true true true true true true true true true true true true true true true true true true true true true true true true true true true true true true true true true true true true true true true true true true true true true true true true true true true true true true true true true true true true true true true true true true true true true true true true true true true true true true true true true true true true true true true true true true 
one: 1 1 
zero: 0 0 
one_half: 0.5 0.5 
one_third: 0.333333 0.333333 
thomas_temp1:

thomas_temp2:

thomas_constant1x: 
thomas_constant1y: 
thomas_constant1z: 
thomas_neg_constant1x: 
thomas_neg_constant1y: 
thomas_neg_constant1z: 
thomas_setup_done: false
thomas_i_jump: 1
thomas_j_jump: 50
thomas_k_jump: 0
thomas_constant1: 5 0.06 
thomas_constant1a: -5 -0.06 
thomas_constant2: 0.001 0.000275 
thomas_constant3: 11.001 1.12028 
thomas_constant3a: 6.001 1.06028 
name: microenvironment
supply_rates:

uptake_rates:

Densities: 2
oxygen
units: mmHg
diffusion_coefficient: 100000 micron min
decay_rate: 0.1 min
tnf
units: TNF/um^3
diffusion_coefficient: 1200 micron min
decay_rate: 0.0275 min

Values for each voxel: 
38 0.00288528 
38 0.00288524 
38 0.00288515 
38 0.00288502 
38 0.00288484 
38 0.00288461 
38 0.00288435 
38 0.00288404 
38 0.00288369 
38 0.0028833 
38 0.00288288 
38 0.00288242 
38 0.00288194 
38 0.00288144 
38 0.00288094 
38 0.00288043 
38 0.00287993 
38 0.00287945 
38 0.002879 
38 0.0028786 
38 0.00287824 
38 0.00287795 
38 0.00287773 
38 0.00287759 
38 0.00287752 
38 0.00287754 
38 0.00287764 
38 0.00287782 
38 0.00287808 
38 0.0028784 
38 0.00287877 
38 0.0028792 
38 0.00287966 
38 0.00288015 
38 0.00288065 
38 0.00288116 
38 0.00288166 
38 0.00288215 
38 0.00288262 
38 0.00288306 
38 0.00288347 
38 0.00288384 
38 0.00288418 
38 0.00288448 
38 0.00288473 
38 0.00288494 
38 0.00288511 
38 0.00288524 
38 0.00288532 
38 0.00288537 
38 0.00288524 
37.2007 0.00288519 
37.085 0.0028851 
36.9752 0.00288496 
36.8707 0.00288478 
36.7712 0.00288454 
36.6762 0.00288427 
36.5856 0.00288395 
36.499 0.00288358 
36.4165 0.00288318 
36.3377 0.00288273 
36.2629 0.00288226 
36.1919 0.00288176 
36.1248 0.00288124 
36.0618 0.00288071 
36.0031 0.00288018 
35.9489 0.00287966 
35.8994 0.00287915 
35.8551 0.00287868 
35.8162 0.00287826 
35.7832 0.00287789 
35.7563 0.00287758 
35.736 0.00287735 
35.7226 0.0028772 
35.716 0.00287713 
35.7163 0.00287715 
35.7234 0.00287726 
35.7374 0.00287745 
35.758 0.00287772 
35.785 0.00287805 
35.818 0.00287845 
35.8568 0.00287889 
35.901 0.00287938 
35.9502 0.00287989 
36.0042 0.00288041 
36.0626 0.00288094 
36.1254 0.00288147 
36.1922 0.00288198 
36.263 0.00288247 
36.3377 0.00288293 
36.4163 0.00288335 
36.4987 0.00288374 
36.5851 0.00288409 
36.6757 0.0028844 
36.7706 0.00288467 
36.8702 0.00288489 
36.9746 0.00288506 
37.0845 0.00288519 
37.2002 0.00288528 
38 0.00288533 
38 0.00288515 
37.0811 0.0028851 
36.9469 0.002885 
36.8194 0.00288485 
36.698 0.00288465 
36.5822 0.0028844 
36.4717 0.0028841 
36.3661 0.00288376 
36.2653 0.00288336 
36.169 0.00288293 
36.0772 0.00288245 
35.9898 0.00288194 
35.9068 0.00288139 
35.8284 0.00288083 
35.7547 0.00288025 
35.686 0.00287967 
35.6225 0.0028791 
35.5645 0.00287856 
35.5125 0.00287804 
35.4668 0.00287758 
35.4279 0.00287717 
35.3963 0.00287684 
35.3725 0.00287658 
35.3567 0.00287642 
35.349 0.00287635 
35.3493 0.00287637 
35.3578 0.00287649 
35.3742 0.0028767 
35.3984 0.00287699 
35.4301 0.00287736 
35.4689 0.00287779 
35.5145 0.00287828 
35.5663 0.00287881 
35.624 0.00287936 
35.6873 0.00287994 
35.7557 0.00288051 
35.8291 0.00288108 
35.9072 0.00288164 
35.9899 0.00288216 
36.0771 0.00288266 
36.1687 0.00288312 
36.2649 0.00288354 
36.3656 0.00288392 
36.4711 0.00288425 
36.5815 0.00288454 
36.6973 0.00288477 
36.8187 0.00288496 
36.9463 0.0028851 
37.0805 0.0028852 
38 0.00288524 
38 0.00288502 
36.9681 0.00288496 
36.8162 0.00288485 
36.6715 0.00288469 
36.5337 0.00288447 
36.4021 0.00288419 
36.2763 0.00288386 
36.1561 0.00288347 
36.0411 0.00288304 
35.9312 0.00288255 
35.8262 0.00288202 
35.7263 0.00288145 
35.6313 0.00288084 
35.5414 0.00288021 
35.4568 0.00287956 
35.3777 0.00287891 
35.3046 0.00287827 
35.2377 0.00287765 
35.1776 0.00287707 
35.1248 0.00287654 
35.0798 0.00287608 
35.0431 0.0028757 
35.0155 0.00287541 
34.9972 0.00287523 
34.9883 0.00287514 
34.9887 0.00287517 
34.9985 0.00287531 
35.0176 0.00287555 
35.0457 0.00287588 
35.0824 0.0028763 
35.1274 0.00287679 
35.18 0.00287734 
35.2399 0.00287794 
35.3064 0.00287857 
35.3792 0.00287921 
35.4579 0.00287986 
35.5421 0.0028805 
35.6317 0.00288112 
35.7264 0.00288171 
35.8261 0.00288226 
35.9308 0.00288278 
36.0406 0.00288324 
36.1554 0.00288366 
36.2756 0.00288403 
36.4013 0.00288434 
36.5328 0.0028846 
36.6707 0.00288481 
36.8154 0.00288497 
36.9675 0.00288507 
38 0.00288512 
38 0.00288484 
36.8612 0.00288478 
36.6921 0.00288465 
36.531 0.00288447 
36.3772 0.00288422 
36.2302 0.00288391 
36.0895 0.00288353 
35.9548 0.0028831 
35.8258 0.0028826 
35.7023 0.00288205 
35.5843 0.00288144 
35.4716 0.00288079 
35.3644 0.00288009 
35.2628 0.00287937 
35.167 0.00287862 
35.0774 0.00287787 
34.9942 0.00287713 
34.918 0.00287642 
34.8494 0.00287574 
34.789 0.00287513 
34.7374 0.0028746 
34.6953 0.00287415 
34.6637 0.00287382 
34.6427 0.0028736 
34.6325 0.00287351 
34.6331 0.00287354 
34.6444 0.0028737 
34.6663 0.00287398 
34.6986 0.00287437 
34.7407 0.00287486 
34.7922 0.00287544 
34.8524 0.00287608 
34.9206 0.00287677 
34.9964 0.0028775 
35.0791 0.00287824 
35.1683 0.00287898 
35.2637 0.00287972 
35.3649 0.00288042 
35.4717 0.0028811 
35.5841 0.00288173 
35.7019 0.00288231 
35.8251 0.00288284 
35.954 0.00288331 
36.0886 0.00288372 
36.2292 0.00288408 
36.3762 0.00288437 
36.5301 0.00288461 
36.6912 0.00288478 
36.8604 0.0028849 
38 0.00288496 
38 0.00288462 
36.7597 0.00288454 
36.5743 0.0028844 
36.3973 0.00288419 
36.228 0.00288391 
36.066 0.00288355 
35.9107 0.00288312 
35.7617 0.00288262 
35.6189 0.00288205 
35.4819 0.00288141 
35.3507 0.00288071 
35.2253 0.00287995 
35.1057 0.00287915 
34.9921 0.0028783 
34.8848 0.00287743 
34.7841 0.00287656 
34.6905 0.00287569 
34.6045 0.00287484 
34.5269 0.00287405 
34.4583 0.00287332 
34.3996 0.00287269 
34.3516 0.00287217 
34.3156 0.00287177 
34.2918 0.00287151 
34.2803 0.0028714 
34.2811 0.00287144 
34.294 0.00287163 
34.319 0.00287197 
34.3557 0.00287244 
34.4038 0.00287302 
34.4622 0.0028737 
34.5304 0.00287446 
34.6076 0.00287528 
34.6931 0.00287613 
34.7861 0.002877 
34.8863 0.00287787 
34.9931 0.00287872 
35.1062 0.00287955 
35.2253 0.00288033 
35.3504 0.00288105 
35.4813 0.00288172 
35.618 0.00288233 
35.7607 0.00288287 
35.9095 0.00288335 
36.0647 0.00288375 
36.2268 0.00288409 
36.3961 0.00288436 
36.5732 0.00288456 
36.7587 0.00288469 
38 0.00288476 
38 0.00288435 
36.6632 0.00288427 
36.4621 0.00288411 
36.2699 0.00288386 
36.0856 0.00288353 
35.909 0.00288312 
35.7393 0.00288262 
35.5764 0.00288204 
35.4198 0.00288138 
35.2694 0.00288064 
35.125 0.00287982 
34.9867 0.00287894 
34.8545 0.002878 
34.7287 0.002877 
34.6094 0.00287598 
34.4973 0.00287494 
34.3926 0.00287391 
34.2962 0.00287291 
34.2089 0.00287196 
34.1315 0.00287109 
34.065 0.00287033 
34.0106 0.0028697 
33.9698 0.00286923 
33.943 0.00286892 
33.93 0.00286879 
33.931 0.00286884 
33.9457 0.00286907 
33.9742 0.00286948 
34.0158 0.00287004 
34.0703 0.00287075 
34.1363 0.00287157 
34.2132 0.00287247 
34.2999 0.00287345 
34.3956 0.00287446 
34.4996 0.00287549 
34.6111 0.00287652 
34.7297 0.00287752 
34.8549 0.00287848 
34.9866 0.00287939 
35.1245 0.00288024 
35.2685 0.00288102 
35.4186 0.00288172 
35.575 0.00288235 
35.7379 0.00288289 
35.9074 0.00288336 
36.0841 0.00288375 
36.2684 0.00288406 
36.4608 0.00288428 
36.662 0.00288444 
38 0.00288451 
38 0.00288404 
36.5714 0.00288395 
36.3554 0.00288376 
36.1484 0.00288348 
35.9497 0.0028831 
35.7587 0.00288262 
35.5751 0.00288205 
35.3983 0.00288137 
35.2282 0.0028806 
35.0643 0.00287974 
34.9067 0.00287878 
34.7554 0.00287774 
34.6104 0.00287663 
34.4719 0.00287546 
34.3403 0.00287425 
34.216 0.00287302 
34.0998 0.00287179 
33.9922 0.00287059 
33.8944 0.00286945 
33.8073 0.00286841 
33.7323 0.00286749 
33.6706 0.00286673 
33.6246 0.00286615 
33.5945 0.00286577 
33.5801 0.00286562 
33.5814 0.00286568 
33.598 0.00286597 
33.6303 0.00286647 
33.6774 0.00286715 
33.7389 0.00286801 
33.8132 0.002869 
33.8995 0.00287009 
33.9966 0.00287126 
34.1032 0.00287247 
34.2186 0.0028737 
34.3421 0.00287491 
34.4729 0.00287609 
34.6107 0.00287722 
34.7551 0.00287829 
34.906 0.00287928 
35.0632 0.00288019 
35.2267 0.00288101 
35.3967 0.00288173 
35.5733 0.00288237 
35.7569 0.0028829 
35.9478 0.00288335 
36.1466 0.00288371 
36.3538 0.00288397 
36.57 0.00288414 
38 0.00288423 
38 0.00288369 
36.4841 0.00288358 
36.2537 0.00288337 
36.0325 0.00288304 
35.8198 0.0028826 
35.6151 0.00288205 
35.4177 0.00288138 
35.2274 0.0028806 
35.0437 0.00287971 
34.8665 0.0028787 
34.6956 0.00287758 
34.531 0.00287636 
34.3729 0.00287506 
34.2213 0.00287367 
34.0768 0.00287224 
33.9399 0.00287077 
33.8112 0.0028693 
33.6916 0.00286786 
33.5823 0.00286649 
33.4845 0.00286523 
33.4 0.00286411 
33.3301 0.00286318 
33.2782 0.00286248 
33.2446 0.00286202 
33.2286 0.00286183 
33.2303 0.00286192 
33.2492 0.00286227 
33.2857 0.00286288 
33.3389 0.00286372 
33.4083 0.00286476 
33.4918 0.00286597 
33.5885 0.00286729 
33.6967 0.00286869 
33.8152 0.00287014 
33.9428 0.00287161 
34.0787 0.00287305 
34.2223 0.00287444 
34.373 0.00287577 
34.5305 0.00287703 
34.6945 0.00287818 
34.865 0.00287924 
35.0418 0.00288019 
35.2253 0.00288103 
35.4155 0.00288176 
35.6128 0.00288239 
35.8176 0.0028829 
36.0304 0.00288331 
36.2518 0.00288361 
36.4824 0.00288381 
38 0.00288391 
38 0.0028833 
36.401 0.00288318 
36.157 0.00288293 
35.9222 0.00288255 
35.6959 0.00288205 
35.4777 0.00288141 
35.267 0.00288064 
35.0633 0.00287974 
34.8662 0.0028787 
34.6756 0.00287753 
34.4913 0.00287622 
34.3133 0.0028748 
34.1417 0.00287326 
33.9766 0.00287163 
33.8186 0.00286992 
33.6681 0.00286818 
33.5261 0.00286642 
33.3934 0.00286469 
33.2715 0.00286304 
33.1618 0.00286151 
33.0664 0.00286015 
32.9873 0.00285902 
32.9288 0.00285815 
32.8914 0.0028576 
32.8737 0.00285737 
32.8759 0.00285747 
32.8973 0.00285791 
32.9387 0.00285867 
32.9987 0.0028597 
33.077 0.00286098 
33.1708 0.00286244 
33.279 0.00286404 
33.3995 0.00286573 
33.5307 0.00286747 
33.6714 0.00286921 
33.8205 0.00287092 
33.9775 0.00287257 
34.1416 0.00287413 
34.3124 0.00287559 
34.4898 0.00287695 
34.6736 0.00287817 
34.8639 0.00287928 
35.0606 0.00288025 
35.2642 0.00288109 
35.475 0.00288181 
35.6933 0.0028824 
35.9196 0.00288287 
36.1547 0.00288322 
36.399 0.00288345 
38 0.00288356 
38 0.00288288 
36.3222 0.00288274 
36.065 0.00288245 
35.8171 0.00288202 
35.5779 0.00288144 
35.3466 0.00288071 
35.1228 0.00287983 
34.9059 0.00287879 
34.6956 0.00287758 
34.4917 0.00287622 
34.2939 0.00287471 
34.1021 0.00287304 
33.9166 0.00287124 
33.7375 0.00286932 
33.5652 0.00286731 
33.4004 0.00286523 
33.244 0.00286314 
33.0969 0.00286106 
32.9609 0.00285906 
32.8378 0.0028572 
32.73 0.00285555 
32.64 0.00285416 
32.5741 0.0028531 
32.5325 0.00285241 
32.5131 0.00285213 
32.5161 0.00285227 
32.5403 0.00285282 
32.5872 0.00285375 
32.655 0.00285503 
32.7435 0.00285659 
32.8488 0.00285837 
32.9699 0.00286032 
33.104 0.00286235 
33.2492 0.00286443 
33.4039 0.0028665 
33.5672 0.00286852 
33.7382 0.00287046 
33.9162 0.00287229 
34.1008 0.002874 
34.2918 0.00287557 
34.4891 0.00287699 
34.6926 0.00287827 
34.9027 0.00287939 
35.1194 0.00288036 
35.3433 0.00288118 
35.5747 0.00288185 
35.8141 0.00288239 
36.0623 0.00288278 
36.3198 0.00288305 
38 0.00288318 
38 0.00288242 
36.2474 0.00288226 
35.9778 0.00288194 
35.7174 0.00288145 
35.4656 0.00288079 
35.2217 0.00287996 
34.9851 0.00287894 
34.7553 0.00287775 
34.5319 0.00287637 
34.3146 0.0028748 
34.1032 0.00287304 
33.8975 0.00287111 
33.6977 0.00286901 
33.5039 0.00286676 
33.3166 0.00286439 
33.1364 0.00286194 
32.9643 0.00285943 
32.8014 0.00285694 
32.6496 0.00285453 
32.5111 0.00285226 
32.3889 0.00285023 
32.286 0.00284852 
32.2117 0.0028472 
32.1656 0.00284636 
32.1444 0.00284602 
32.1484 0.0028462 
32.1758 0.00284689 
32.2291 0.00284805 
32.3059 0.00284963 
32.4062 0.00285156 
32.5246 0.00285374 
32.6603 0.00285609 
32.8096 0.00285855 
32.9701 0.00286103 
33.1402 0.00286348 
33.3185 0.00286586 
33.5042 0.00286814 
33.6967 0.00287027 
33.8955 0.00287226 
34.1004 0.00287407 
34.3112 0.00287571 
34.5282 0.00287717 
34.7513 0.00287845 
34.981 0.00287956 
35.2177 0.00288049 
35.4618 0.00288126 
35.7138 0.00288187 
35.9746 0.00288232 
36.2446 0.00288262 
38 0.00288277 
38 0.00288194 
36.1768 0.00288176 
35.8954 0.00288139 
35.6231 0.00288084 
35.3592 0.00288009 
35.1031 0.00287915 
34.8541 0.002878 
34.6116 0.00287664 
34.3753 0.00287506 
34.1446 0.00287326 
33.9195 0.00287125 
33.6996 0.00286902 
33.485 0.00286658 
33.2759 0.00286396 
33.0727 0.00286118 
32.876 0.00285828 
32.6867 0.0028553 
32.5061 0.00285232 
32.3364 0.00284939 
32.1802 0.00284663 
32.0411 0.00284412 
31.9228 0.00284199 
31.8388 0.00284035 
31.7879 0.0028393 
31.7649 0.00283889 
31.7703 0.00283913 
31.8012 0.00284 
31.862 0.00284146 
31.9491 0.00284343 
32.0632 0.00284581 
32.1968 0.00284849 
32.3491 0.00285135 
32.5156 0.0028543 
32.6931 0.00285726 
32.8798 0.00286016 
33.0743 0.00286295 
33.2757 0.0028656 
33.4834 0.00286808 
33.6968 0.00287037 
33.9158 0.00287246 
34.1403 0.00287433 
34.3706 0.002876 
34.6067 0.00287746 
34.8491 0.00287871 
35.0982 0.00287977 
35.3546 0.00288064 
35.6188 0.00288132 
35.8915 0.00288183 
36.1735 0.00288217 
38 0.00288233 
38 0.00288144 
36.1104 0.00288124 
35.8178 0.00288083 
35.5341 0.00288021 
35.2588 0.00287937 
34.9909 0.00287831 
34.7298 0.00287701 
34.475 0.00287547 
34.2259 0.00287368 
33.982 0.00287163 
33.7431 0.00286933 
33.5087 0.00286677 
33.279 0.00286396 
33.0539 0.00286092 
32.8337 0.00285768 
32.6192 0.00285427 
32.411 0.00285074 
32.2107 0.00284716 
32.0205 0.00284362 
31.8435 0.00284022 
31.6843 0.0028371 
31.5471 0.00283443 
31.4519 0.00283237 
31.3962 0.00283106 
31.3715 0.00283056 
31.3788 0.00283089 
31.4137 0.002832 
31.4832 0.00283384 
31.5822 0.00283632 
31.7127 0.00283929 
31.8638 0.00284259 
32.0354 0.00284606 
32.2214 0.00284961 
32.4179 0.00285312 
32.6229 0.00285654 
32.8349 0.00285981 
33.0529 0.00286288 
33.2763 0.00286574 
33.5048 0.00286836 
33.7382 0.00287074 
33.9766 0.00287288 
34.2201 0.00287476 
34.4691 0.00287641 
34.7239 0.00287782 
34.9851 0.00287901 
35.2533 0.00287999 
35.5291 0.00288076 
35.8133 0.00288132 
36.1065 0.0028817 
38 0.00288189 
38 0.00288094 
36.0484 0.00288071 
35.7452 0.00288025 
35.4508 0.00287956 
35.1645 0.00287862 
34.8854 0.00287744 
34.6128 0.00287598 
34.346 0.00287426 
34.0843 0.00287224 
33.8273 0.00286993 
33.5744 0.00286732 
33.3254 0.0028644 
33.08 0.00286119 
32.8382 0.00285768 
32.6002 0.00285392 
32.3663 0.00284993 
32.1374 0.00284575 
31.9148 0.00284147 
31.7009 0.00283717 
31.4995 0.00283297 
31.316 0.00282904 
31.1555 0.00282564 
31.0473 0.00282302 
30.9868 0.00282138 
30.9606 0.00282079 
30.9705 0.00282127 
31.0098 0.00282269 
31.0895 0.00282502 
31.2025 0.00282818 
31.3526 0.00283192 
31.5242 0.002836 
31.7183 0.00284024 
31.9267 0.00284449 
32.1446 0.00284865 
32.3696 0.00285266 
32.6004 0.00285645 
32.8361 0.00286 
33.0761 0.00286327 
33.3201 0.00286626 
33.5682 0.00286896 
33.8204 0.00287136 
34.0771 0.00287348 
34.3387 0.00287533 
34.6056 0.00287691 
34.8786 0.00287824 
35.1581 0.00287932 
35.445 0.00288017 
35.7399 0.00288081 
36.0438 0.00288122 
38 0.00288143 
38 0.00288042 
35.9908 0.00288017 
35.6778 0.00287967 
35.3734 0.0028789 
35.0768 0.00287787 
34.787 0.00287655 
34.5033 0.00287494 
34.2248 0.00287302 
33.951 0.00287077 
33.681 0.00286818 
33.4144 0.00286524 
33.1505 0.00286195 
32.8891 0.00285829 
32.6299 0.00285428 
32.3729 0.00284994 
32.1182 0.00284529 
31.8664 0.00284038 
31.6184 0.00283526 
31.3771 0.00283002 
31.1466 0.0028248 
30.9334 0.00281981 
30.7436 0.00281536 
30.6202 0.00281199 
30.5554 0.00280993 
30.5283 0.00280925 
30.5416 0.00281004 
30.5856 0.00281185 
30.6775 0.00281477 
30.8069 0.00281889 
30.9807 0.00282366 
31.1765 0.00282873 
31.397 0.00283388 
31.6313 0.00283897 
31.8734 0.00284388 
32.1206 0.00284855 
32.3718 0.00285293 
32.6261 0.00285699 
32.8834 0.00286071 
33.1434 0.00286409 
33.4063 0.00286712 
33.6724 0.00286981 
33.9422 0.00287218 
34.2161 0.00287423 
34.4947 0.00287599 
34.7789 0.00287745 
35.0692 0.00287865 
35.3665 0.00287959 
35.6717 0.00288029 
35.9855 0.00288074 
38 0.00288097 
38 0.00287992 
35.9379 0.00287965 
35.6158 0.0028791 
35.3021 0.00287826 
34.9959 0.00287712 
34.696 0.00287568 
34.4018 0.00287391 
34.1123 0.00287178 
33.8266 0.0028693 
33.544 0.00286642 
33.2637 0.00286314 
32.9851 0.00285944 
32.7074 0.00285532 
32.4301 0.00285077 
32.153 0.00284579 
31.8759 0.00284041 
31.5987 0.00283466 
31.322 0.00282857 
31.0487 0.00282221 
30.7832 0.0028157 
30.5334 0.00280926 
30.3059 0.00280324 
30.165 0.00279884 
30.097 0.00279631 
29.8163 0.00279538 
30.088 0.00279702 
30.1368 0.00279924 
30.243 0.00280271 
30.3917 0.00280834 
30.5945 0.00281451 
30.8189 0.00282081 
31.0709 0.00282705 
31.3355 0.0028331 
31.6049 0.00283887 
31.8768 0.00284428 
32.1499 0.0028493 
32.4241 0.00285391 
32.6993 0.00285811 
32.9756 0.00286189 
33.2535 0.00286527 
33.5333 0.00286826 
33.8159 0.00287088 
34.1018 0.00287314 
34.3917 0.00287507 
34.6865 0.00287668 
34.9871 0.00287799 
35.2942 0.00287902 
35.6088 0.00287978 
35.9318 0.00288027 
38 0.00288052 
38 0.00287944 
35.8899 0.00287914 
35.5596 0.00287854 
35.2374 0.00287763 
34.9222 0.0028764 
34.6131 0.00287483 
34.309 0.0028729 
34.0091 0.00287058 
33.7122 0.00286785 
33.4174 0.00286468 
33.1238 0.00286106 
32.8304 0.00285695 
32.5363 0.00285234 
32.2407 0.00284721 
31.9426 0.00284156 
31.6414 0.00283539 
31.3363 0.0028287 
31.027 0.0028215 
30.7164 0.00281383 
30.4088 0.00280574 
30.114 0.00279743 
28.8579 0.00278829 
28.4359 0.00278252 
29.0484 0.00277971 
29.2893 0.00278046 
29.6119 0.00278254 
29.3334 0.00278458 
29.4535 0.00278739 
29.9544 0.00279659 
30.1926 0.00280462 
30.4507 0.00281237 
30.7401 0.00281985 
31.0401 0.00282699 
31.3407 0.00283369 
31.6397 0.00283991 
31.9365 0.00284562 
32.2316 0.00285081 
32.5252 0.00285551 
32.8181 0.00285971 
33.1108 0.00286345 
33.4042 0.00286674 
33.6992 0.00286961 
33.9965 0.00287208 
34.2971 0.00287418 
34.602 0.00287593 
34.912 0.00287735 
35.2282 0.00287846 
35.5515 0.00287928 
35.8829 0.00287982 
38 0.00288009 
38 0.00287898 
35.8471 0.00287866 
35.5095 0.00287802 
35.1796 0.00287705 
34.8564 0.00287572 
34.5388 0.00287402 
34.2258 0.00287194 
33.9162 0.00286943 
33.6089 0.00286646 
33.3027 0.00286301 
32.9966 0.00285904 
32.6893 0.00285452 
32.3797 0.00284941 
32.0663 0.00284369 
31.7481 0.00283734 
31.4236 0.00283032 
31.0915 0.00282263 
30.7507 0.00281423 
30.4047 0.0028051 
30.0596 0.00279523 
29.4004 0.00278512 
29.1198 0.00277625 
29.0349 0.00277053 
28.8625 0.0027669 
28.8827 0.00276498 
28.8332 0.00276705 
27.6954 0.00277023 
29.1822 0.00277736 
27.521 0.00278481 
29.7873 0.00279446 
30.0798 0.0028036 
30.4109 0.00281242 
30.7503 0.00282075 
31.0851 0.00282847 
31.4131 0.00283555 
31.7348 0.00284198 
32.0512 0.00284778 
32.3634 0.00285298 
32.6726 0.00285761 
32.9798 0.0028617 
33.2863 0.00286528 
33.593 0.0028684 
33.9012 0.00287107 
34.2118 0.00287333 
34.5259 0.00287522 
34.8447 0.00287675 
35.1691 0.00287794 
35.5002 0.00287882 
35.8392 0.0028794 
38 0.00287969 
38 0.00287857 
35.8099 0.00287823 
35.4658 0.00287755 
35.1292 0.00287651 
34.7989 0.00287509 
34.4738 0.00287329 
34.1527 0.00287105 
33.8344 0.00286836 
33.5177 0.00286518 
33.2012 0.00286145 
32.8835 0.00285715 
32.5632 0.00285223 
32.2387 0.00284663 
31.9083 0.00284032 
31.5702 0.00283324 
31.2225 0.00282535 
30.8628 0.00281662 
30.4888 0.00280698 
30.1053 0.00279631 
29.4146 0.00278369 
29.0344 0.00277466 
26.8869 0.00276174 
28.6661 0.00275888 
28.1896 0.00275356 
28.4438 0.00275094 
28.2177 0.00275259 
28.5408 0.00275961 
28.5735 0.00276532 
28.8382 0.00277439 
29.1105 0.002784 
29.4137 0.00279457 
29.8012 0.0028049 
30.4841 0.00281453 
30.8509 0.00282334 
31.2064 0.00283131 
31.5514 0.00283848 
31.888 0.00284489 
32.2177 0.00285059 
32.5422 0.00285564 
32.8629 0.00286007 
33.1814 0.00286393 
33.4989 0.00286728 
33.8169 0.00287014 
34.1365 0.00287256 
34.459 0.00287457 
34.7855 0.0028762 
35.1172 0.00287747 
35.4553 0.0028784 
35.8009 0.00287902 
38 0.00287932 
38 0.0028782 
35.7784 0.00287785 
35.4289 0.00287713 
35.0865 0.00287603 
34.7502 0.00287454 
34.4187 0.00287263 
34.0907 0.00287027 
33.7649 0.00286742 
33.44 0.00286403 
33.1144 0.00286006 
32.7866 0.00285545 
32.4549 0.00285015 
32.1174 0.00284409 
31.7721 0.0028372 
31.4165 0.00282941 
31.0482 0.00282065 
30.6642 0.00281086 
30.2609 0.00280007 
29.8465 0.0027884 
28.7843 0.00277593 
28.744 0.00276603 
27.3565 0.0027549 
25.4579 0.00274865 
28.169 0.002745 
27.4532 0.00273771 
28.0886 0.00274374 
28.2256 0.00275082 
27.0935 0.00275603 
28.5168 0.0027646 
28.795 0.00277373 
28.8569 0.002785 
29.8383 0.00279752 
30.246 0.00280857 
30.6423 0.00281848 
31.0232 0.00282735 
31.3899 0.00283525 
31.7449 0.00284224 
32.0905 0.00284842 
32.4288 0.00285385 
32.7617 0.0028586 
33.0909 0.00286273 
33.418 0.00286628 
33.7446 0.00286932 
34.0721 0.00287188 
34.4018 0.002874 
34.7351 0.00287571 
35.0731 0.00287705 
35.4172 0.00287803 
35.7684 0.00287868 
38 0.002879 
38 0.0028779 
35.753 0.00287753 
35.399 0.00287678 
35.052 0.00287564 
34.7108 0.00287408 
34.3741 0.00287208 
34.0405 0.00286961 
33.7086 0.00286662 
33.377 0.00286306 
33.0441 0.00285887 
32.7081 0.002854 
32.3672 0.00284836 
32.0192 0.00284188 
31.6619 0.00283446 
31.2926 0.00282599 
30.9084 0.00281635 
30.506 0.00280545 
30.0813 0.00279331 
29.0985 0.00278018 
28.9719 0.00276942 
28.5748 0.00275965 
28.0635 0.00275004 
28.1162 0.00274295 
27.6964 0.00273951 
27.8288 0.00273698 
27.8557 0.00273856 
26.5565 0.00274234 
28.1007 0.00274886 
28.0137 0.00275707 
28.5425 0.00276708 
27.5954 0.00277757 
29.2733 0.00279078 
30.0383 0.0028032 
30.462 0.00281411 
30.8663 0.00282382 
31.2526 0.00283239 
31.6241 0.00283994 
31.9838 0.00284655 
32.3342 0.00285233 
32.6776 0.00285736 
33.016 0.00286171 
33.3513 0.00286545 
33.6852 0.00286863 
34.0193 0.00287131 
34.355 0.00287352 
34.6939 0.00287531 
35.0371 0.0028767 
35.3861 0.00287773 
35.7419 0.0028784 
38 0.00287873 
38 0.00287766 
35.7338 0.00287728 
35.3765 0.00287651 
35.026 0.00287533 
34.6811 0.00287372 
34.3404 0.00287166 
34.0025 0.0028691 
33.666 0.002866 
33.3293 0.0028623 
32.9906 0.00285794 
32.6482 0.00285286 
32.3 0.00284695 
31.9437 0.00284012 
31.5767 0.00283225 
31.1962 0.00282318 
30.7986 0.00281271 
30.3801 0.0028006 
29.6632 0.00278658 
29.2135 0.00277321 
28.7413 0.00276271 
28.1683 0.00275185 
26.6307 0.00274366 
27.4208 0.00273609 
27.4309 0.00273384 
27.7284 0.00273344 
26.0644 0.00273115 
27.6959 0.00273955 
27.6501 0.00274669 
28.1612 0.00275374 
28.4221 0.00276285 
28.0523 0.0027726 
29.1201 0.00278649 
29.8841 0.00279873 
30.3259 0.00281042 
30.7469 0.00282086 
31.1476 0.00283005 
31.5314 0.00283807 
31.9018 0.00284506 
32.2615 0.00285113 
32.6129 0.00285638 
32.9585 0.00286091 
33.3001 0.0028648 
33.6397 0.0028681 
33.9789 0.00287086 
34.3193 0.00287315 
34.6625 0.002875 
35.0097 0.00287644 
35.3624 0.00287749 
35.7218 0.00287818 
38 0.00287853 
38 0.0028775 
35.7211 0.00287711 
35.3616 0.00287632 
35.0088 0.00287512 
34.6614 0.00287348 
34.318 0.00287137 
33.9773 0.00286875 
33.6377 0.00286557 
33.2977 0.00286178 
32.9553 0.0028573 
32.6088 0.00285207 
32.2559 0.00284598 
31.8943 0.00283891 
31.5212 0.00283072 
31.1336 0.00282121 
30.7278 0.00281009 
30.2997 0.00279687 
29.5129 0.0027797 
29.1073 0.00276858 
28.6381 0.0027573 
27.6246 0.00274787 
26.4387 0.00273917 
27.7018 0.00273347 
27.7218 0.00273188 
27.4974 0.00273117 
27.358 0.00273079 
27.5705 0.002736 
27.6892 0.0027436 
27.9513 0.00275121 
26.5594 0.00275802 
28.5701 0.00277131 
29.0842 0.00278273 
29.3734 0.00279393 
30.2245 0.0028074 
30.6596 0.00281862 
31.0718 0.00282834 
31.4654 0.00283675 
31.844 0.00284402 
32.2106 0.0028503 
32.568 0.00285571 
32.9187 0.00286037 
33.2649 0.00286436 
33.6085 0.00286773 
33.9513 0.00287057 
34.295 0.0028729 
34.6411 0.00287479 
34.9911 0.00287626 
35.3463 0.00287733 
35.7081 0.00287804 
38 0.00287839 
38 0.00287742 
35.715 0.00287703 
35.3544 0.00287623 
35.0004 0.00287501 
34.6519 0.00287336 
34.3073 0.00287122 
33.9653 0.00286857 
33.6243 0.00286536 
33.2827 0.00286152 
32.9387 0.00285699 
32.5904 0.00285168 
32.2356 0.00284549 
31.8719 0.00283831 
31.4965 0.00282998 
31.1064 0.0028203 
30.6981 0.00280903 
30.2673 0.00279584 
29.5887 0.00278034 
28.7941 0.00276407 
28.7478 0.00275605 
28.0698 0.00274667 
26.5907 0.00273878 
27.1761 0.00273288 
27.5023 0.00273029 
26.0839 0.00272983 
27.3311 0.00272863 
27.5457 0.00273427 
26.0398 0.00273953 
27.6003 0.00274795 
28.2663 0.00275918 
28.518 0.00277038 
28.9401 0.00278177 
29.5426 0.00279349 
30.1697 0.00280573 
30.6125 0.00281734 
31.0312 0.00282742 
31.4302 0.00283606 
31.8132 0.00284349 
32.1837 0.00284989 
32.5444 0.00285539 
32.898 0.00286011 
33.2466 0.00286414 
33.5923 0.00286756 
33.937 0.00287042 
34.2824 0.00287278 
34.6301 0.00287469 
34.9815 0.00287617 
35.3381 0.00287726 
35.7011 0.00287797 
38 0.00287832 
38 0.00287743 
35.7154 0.00287703 
35.3549 0.00287623 
35.001 0.00287502 
34.6526 0.00287336 
34.3082 0.00287123 
33.9664 0.00286858 
33.6257 0.00286537 
33.2844 0.00286153 
32.9409 0.002857 
32.5931 0.0028517 
32.2391 0.00284552 
31.8765 0.00283835 
31.5026 0.00283005 
31.1146 0.00282042 
30.709 0.00280927 
30.2822 0.00279636 
29.6308 0.00278162 
29.2363 0.00276754 
28.4918 0.00275605 
28.2838 0.00274585 
27.5669 0.00273915 
27.9032 0.00273376 
27.255 0.00273042 
27.1767 0.00272748 
27.1124 0.00272946 
25.8957 0.00273489 
26.6417 0.00274036 
27.7148 0.00274901 
27.8345 0.00275885 
28.4765 0.0027704 
28.8993 0.00278137 
29.3553 0.00279313 
29.8154 0.00280369 
30.5988 0.00281698 
31.0215 0.00282736 
31.4232 0.00283609 
31.8082 0.00284354 
32.1801 0.00284993 
32.5418 0.00285542 
32.896 0.00286014 
33.2451 0.00286417 
33.5912 0.00286758 
33.9362 0.00287044 
34.2818 0.0028728 
34.6296 0.0028747 
34.9811 0.00287618 
35.3378 0.00287726 
35.7009 0.00287798 
38 0.00287833 
38 0.00287751 
35.7223 0.00287712 
35.3631 0.00287633 
35.0105 0.00287513 
34.6635 0.00287349 
34.3206 0.00287138 
33.9804 0.00286876 
33.6415 0.00286559 
33.3023 0.00286181 
32.9611 0.00285735 
32.6159 0.00285213 
32.2649 0.00284606 
31.9057 0.00283903 
31.5357 0.0028309 
31.1523 0.00282151 
30.7522 0.00281063 
30.3316 0.00279795 
29.6482 0.00278257 
29.111 0.0027687 
28.7227 0.00275696 
28.2911 0.00274671 
26.4808 0.00273963 
27.4011 0.00273424 
27.6002 0.00273264 
27.5375 0.0027309 
27.6085 0.00273278 
27.4368 0.00273853 
27.6569 0.00274413 
27.9183 0.00275173 
26.6938 0.00276013 
28.4091 0.00277064 
28.7135 0.00278217 
29.4492 0.00279481 
30.1875 0.00280724 
30.6325 0.00281862 
31.052 0.00282845 
31.4508 0.00283689 
31.833 0.00284416 
32.2024 0.00285043 
32.5619 0.00285582 
32.914 0.00286046 
33.2613 0.00286443 
33.6057 0.00286779 
33.9491 0.00287061 
34.2933 0.00287294 
34.6398 0.00287482 
34.99 0.00287628 
35.3455 0.00287735 
35.7074 0.00287806 
38 0.00287841 
38 0.00287767 
35.7358 0.00287729 
35.3789 0.00287652 
35.0288 0.00287534 
34.6844 0.00287374 
34.3444 0.00287168 
34.0073 0.00286912 
33.6719 0.00286603 
33.3364 0.00286235 
32.9994 0.00285801 
32.659 0.00285294 
32.3133 0.00284707 
31.9603 0.00284029 
31.5976 0.00283249 
31.2226 0.00282352 
30.8324 0.00281321 
30.4237 0.00280132 
29.9926 0.00278758 
28.9164 0.00277128 
28.8131 0.00276269 
28.4219 0.00275346 
28.1488 0.002746 
27.8756 0.00274081 
27.6899 0.0027365 
27.4413 0.00273365 
26.0315 0.00273653 
27.6052 0.0027432 
27.7198 0.0027486 
28.0252 0.00275593 
27.0065 0.00276414 
27.4396 0.00277391 
29.0679 0.00278739 
29.5235 0.00279943 
30.2723 0.00281082 
30.7078 0.00282121 
31.1188 0.00283037 
31.5102 0.00283837 
31.8859 0.00284532 
32.2495 0.00285135 
32.6039 0.00285656 
32.9515 0.00286106 
33.2948 0.00286492 
33.6355 0.00286819 
33.9756 0.00287094 
34.3168 0.00287321 
34.6604 0.00287505 
35.0081 0.00287648 
35.3611 0.00287753 
35.7207 0.00287822 
38 0.00287856 
38 0.00287791 
35.7556 0.00287754 
35.4021 0.00287679 
35.0557 0.00287565 
34.7152 0.0028741 
34.3793 0.00287211 
34.0467 0.00286965 
33.7161 0.00286666 
33.386 0.00286312 
33.0549 0.00285896 
32.7212 0.00285411 
32.383 0.00284851 
32.0386 0.00284208 
31.6856 0.00283471 
31.3219 0.00282632 
30.9448 0.00281676 
30.5512 0.0028059 
30.1378 0.00279361 
29.4735 0.00277942 
29.0615 0.00276931 
28.5838 0.0027587 
28.3457 0.00275183 
28.0176 0.00274682 
24.7904 0.00274134 
27.042 0.00274104 
27.7413 0.00274313 
27.876 0.00274827 
26.2887 0.00275211 
28.1016 0.00276019 
28.2576 0.00276947 
27.2111 0.00278002 
29.5361 0.00279303 
29.6796 0.00280398 
30.4139 0.00281487 
30.8302 0.00282444 
31.2253 0.00283292 
31.6033 0.00284038 
31.9679 0.00284693 
32.3219 0.00285264 
32.668 0.00285761 
33.0085 0.00286191 
33.3454 0.00286561 
33.6805 0.00286876 
34.0155 0.00287141 
34.352 0.00287361 
34.6915 0.00287538 
35.0352 0.00287676 
35.3845 0.00287778 
35.7406 0.00287844 
38 0.00287877 
38 0.00287822 
35.7815 0.00287786 
35.4326 0.00287714 
35.0909 0.00287605 
34.7554 0.00287457 
34.4249 0.00287266 
34.0981 0.00287031 
33.7737 0.00286747 
33.4504 0.0028641 
33.1269 0.00286015 
32.8016 0.00285557 
32.4729 0.00285031 
32.1391 0.00284429 
31.7983 0.00283745 
31.4485 0.00282971 
31.0874 0.00282102 
30.7123 0.00281129 
30.3203 0.00280057 
29.9148 0.00278905 
29.1843 0.00277779 
27.1241 0.0027668 
28.579 0.00276045 
28.3576 0.00275424 
28.1082 0.00274992 
27.3014 0.00274634 
27.8673 0.00274867 
28.0035 0.0027548 
28.5764 0.00276155 
28.5271 0.00276891 
28.765 0.00277888 
29.1304 0.00278891 
29.4708 0.00279997 
30.2068 0.00281012 
30.6104 0.00281962 
30.9977 0.00282823 
31.3695 0.00283596 
31.7285 0.00284283 
32.0773 0.0028489 
32.4181 0.00285424 
32.753 0.00285891 
33.0838 0.00286298 
33.4123 0.00286648 
33.7399 0.00286948 
34.0683 0.00287201 
34.3987 0.0028741 
34.7325 0.0028758 
35.071 0.00287712 
35.4154 0.00287809 
35.767 0.00287873 
38 0.00287905 
38 0.00287858 
35.8134 0.00287824 
35.47 0.00287756 
35.1342 0.00287653 
34.8048 0.00287512 
34.4807 0.00287332 
34.1609 0.0028711 
33.8441 0.00286842 
33.5291 0.00286525 
33.2146 0.00286155 
32.8994 0.00285728 
32.5821 0.00285239 
32.2612 0.00284683 
31.9352 0.00284056 
31.6024 0.00283353 
31.2612 0.0028257 
30.9094 0.00281707 
30.5449 0.00280764 
30.1698 0.00279749 
29.481 0.00278648 
29.1057 0.0027769 
27.4693 0.00276895 
28.453 0.00276344 
28.4706 0.00275835 
28.0726 0.00275654 
27.2752 0.00275969 
28.6715 0.0027647 
28.3904 0.00276972 
28.9001 0.00277868 
29.1064 0.00278781 
29.1951 0.00279731 
30.094 0.00280724 
30.4634 0.00281629 
30.832 0.00282469 
31.1898 0.00283237 
31.5371 0.00283933 
31.8757 0.00284557 
32.2072 0.00285114 
32.5333 0.00285608 
32.8554 0.00286042 
33.1751 0.00286422 
33.4936 0.00286751 
33.8124 0.00287033 
34.1327 0.00287271 
34.4558 0.00287469 
34.7829 0.00287629 
35.115 0.00287755 
35.4535 0.00287847 
35.7994 0.00287908 
38 0.00287938 
38 0.002879 
35.851 0.00287868 
35.5141 0.00287804 
35.185 0.00287707 
34.8628 0.00287575 
34.5463 0.00287406 
34.2345 0.00287198 
33.9264 0.00286948 
33.6208 0.00286654 
33.3168 0.00286311 
33.0131 0.00285917 
32.7087 0.00285467 
32.4024 0.0028496 
32.0931 0.00284392 
31.7797 0.0028376 
31.461 0.00283064 
31.136 0.00282303 
30.8035 0.00281482 
30.4654 0.00280607 
30.129 0.00279692 
29.8045 0.00278782 
29.2415 0.0027781 
29.1067 0.00277441 
28.978 0.00277149 
28.5432 0.00277005 
27.662 0.00277147 
28.8376 0.00277475 
29.0842 0.00278182 
28.9579 0.00278906 
29.8102 0.00279808 
30.0862 0.00280648 
30.4117 0.00281474 
30.7427 0.00282258 
31.0756 0.00282991 
31.4033 0.0028367 
31.7252 0.0028429 
32.0422 0.00284853 
32.3553 0.00285358 
32.6653 0.0028581 
32.9734 0.00286209 
33.2807 0.0028656 
33.5882 0.00286865 
33.897 0.00287127 
34.2082 0.0028735 
34.5229 0.00287535 
34.8421 0.00287685 
35.1669 0.00287803 
35.4984 0.0028789 
35.8376 0.00287947 
38 0.00287975 
38 0.00287945 
35.894 0.00287916 
35.5645 0.00287856 
35.2431 0.00287766 
34.9289 0.00287643 
34.6209 0.00287487 
34.3181 0.00287294 
34.0196 0.00287063 
33.7244 0.00286792 
33.4315 0.00286478 
33.1402 0.00286117 
32.8494 0.00285709 
32.5584 0.00285251 
32.2663 0.00284741 
31.9724 0.00284179 
31.6761 0.00283566 
31.3767 0.00282902 
31.0739 0.00282193 
30.7695 0.00281442 
30.4687 0.00280656 
30.1786 0.00279826 
29.5861 0.00278785 
27.8394 0.00278482 
29.1941 0.0027816 
29.2817 0.00278328 
29.0339 0.00278414 
29.3719 0.00278711 
29.4704 0.00279389 
29.9883 0.0028009 
30.2064 0.00280805 
30.454 0.00281512 
30.7396 0.00282208 
31.0338 0.00282879 
31.333 0.00283514 
31.6315 0.00284108 
31.9285 0.00284657 
32.2239 0.00285159 
32.5181 0.00285614 
32.8116 0.00286022 
33.105 0.00286386 
33.3991 0.00286707 
33.6947 0.00286988 
33.9926 0.0028723 
34.2937 0.00287435 
34.5991 0.00287607 
34.9095 0.00287746 
35.2261 0.00287856 
35.5497 0.00287937 
35.8814 0.0028799 
38 0.00288016 
38 0.00287994 
35.9421 0.00287966 
35.6209 0.00287911 
35.308 0.00287828 
35.0027 0.00287715 
34.704 0.00287571 
34.411 0.00287395 
34.1228 0.00287184 
33.8388 0.00286937 
33.558 0.00286651 
33.2797 0.00286325 
33.0033 0.00285958 
32.7283 0.00285548 
32.4541 0.00285095 
32.1803 0.002846 
31.907 0.00284064 
31.634 0.00283491 
31.3619 0.00282886 
31.0927 0.00282256 
30.8311 0.00281612 
30.5834 0.00280969 
30.3638 0.0028036 
30.1936 0.00279996 
30.0065 0.0027977 
29.7226 0.00279789 
30.0491 0.00279917 
30.1348 0.00280192 
30.2539 0.00280641 
30.414 0.00281172 
30.6039 0.00281742 
30.8212 0.00282326 
31.0703 0.0028291 
31.3307 0.00283479 
31.5988 0.00284025 
31.8702 0.00284542 
32.1432 0.00285024 
32.4176 0.00285468 
32.6931 0.00285874 
32.9699 0.00286241 
33.2483 0.00286569 
33.5287 0.0028686 
33.8118 0.00287116 
34.0981 0.00287337 
34.3885 0.00287525 
34.6838 0.00287682 
34.9847 0.00287811 
35.2921 0.00287912 
35.607 0.00287986 
35.9303 0.00288035 
38 0.0028806 
38 0.00288044 
35.9951 0.00288019 
35.6829 0.00287969 
35.3794 0.00287893 
35.0837 0.0028779 
34.7949 0.00287659 
34.5124 0.00287498 
34.2353 0.00287307 
33.9629 0.00287084 
33.6945 0.00286826 
33.4297 0.00286534 
33.1679 0.00286207 
32.9088 0.00285843 
32.6521 0.00285444 
32.3978 0.00285012 
32.1461 0.00284548 
31.8974 0.00284058 
31.6528 0.00283547 
31.4143 0.00283025 
31.1861 0.00282506 
30.9736 0.0028201 
30.7877 0.00281575 
30.6436 0.00281275 
30.5559 0.00281105 
30.511 0.00281086 
30.5169 0.00281186 
30.5849 0.00281405 
30.6853 0.00281739 
30.8223 0.00282149 
30.9875 0.00282604 
31.1783 0.00283083 
31.3965 0.00283568 
31.6277 0.0028405 
31.8686 0.00284517 
32.1153 0.00284963 
32.3662 0.00285383 
32.6207 0.00285774 
32.8781 0.00286133 
33.1384 0.0028646 
33.4017 0.00286754 
33.6682 0.00287015 
33.9384 0.00287246 
34.2127 0.00287446 
34.4918 0.00287617 
34.7763 0.0028776 
35.067 0.00287877 
35.3646 0.00287969 
35.67 0.00288037 
35.9841 0.00288082 
38 0.00288105 
38 0.00288095 
36.0527 0.00288072 
35.7503 0.00288027 
35.4568 0.00287958 
35.1714 0.00287865 
34.8933 0.00287746 
34.6217 0.00287602 
34.3561 0.0028743 
34.0958 0.0028723 
33.8403 0.00287 
33.5891 0.00286741 
33.3418 0.00286451 
33.0984 0.00286131 
32.8586 0.00285783 
32.6228 0.00285408 
32.3913 0.0028501 
32.1648 0.00284593 
31.9444 0.00284165 
31.7324 0.00283736 
31.5323 0.00283318 
31.3487 0.00282931 
31.1898 0.00282601 
31.0668 0.00282363 
30.99 0.00282227 
30.951 0.00282201 
30.9553 0.00282275 
31.0101 0.00282445 
31.0954 0.00282701 
31.2133 0.00283021 
31.3576 0.00283385 
31.5257 0.00283776 
31.7179 0.00284179 
31.924 0.00284584 
32.1409 0.00284981 
32.3654 0.00285365 
32.5959 0.00285729 
32.8315 0.0028607 
33.0716 0.00286386 
33.3158 0.00286674 
33.5642 0.00286936 
33.8167 0.00287169 
34.0738 0.00287375 
34.3357 0.00287555 
34.603 0.00287709 
34.8762 0.00287838 
35.156 0.00287944 
35.4432 0.00288028 
35.7384 0.00288089 
36.0425 0.0028813 
38 0.0028815 
38 0.00288146 
36.1147 0.00288125 
35.8228 0.00288084 
35.54 0.00288023 
35.2654 0.00287939 
34.9985 0.00287833 
34.7385 0.00287704 
34.4848 0.00287551 
34.2369 0.00287373 
33.9944 0.0028717 
33.7568 0.00286941 
33.524 0.00286686 
33.2959 0.00286407 
33.0725 0.00286105 
32.8542 0.00285782 
32.6414 0.00285442 
32.4351 0.00285091 
32.2364 0.00284734 
32.0473 0.00284381 
31.8709 0.00284044 
31.7112 0.00283737 
31.5743 0.00283481 
31.4685 0.00283292 
31.4011 0.00283182 
31.367 0.00283156 
31.3701 0.00283211 
31.4148 0.00283342 
31.4879 0.0028354 
31.59 0.00283793 
31.7165 0.00284086 
31.8651 0.00284405 
32.0352 0.00284739 
32.2194 0.00285079 
32.415 0.00285416 
32.6195 0.00285743 
32.8311 0.00286057 
33.049 0.00286353 
33.2725 0.00286629 
33.5011 0.00286882 
33.7347 0.00287112 
33.9734 0.00287319 
34.2171 0.00287502 
34.4664 0.00287662 
34.7215 0.002878 
34.983 0.00287916 
35.2514 0.00288011 
35.5275 0.00288085 
35.8119 0.00288141 
36.1053 0.00288178 
38 0.00288196 
38 0.00288195 
36.181 0.00288177 
35.9002 0.00288141 
35.6287 0.00288086 
35.3657 0.00288011 
35.1104 0.00287917 
34.8624 0.00287803 
34.621 0.00287667 
34.3857 0.00287511 
34.1563 0.00287332 
33.9324 0.00287131 
33.7138 0.0028691 
33.5006 0.00286668 
33.293 0.00286407 
33.0912 0.00286131 
32.8958 0.00285842 
32.7079 0.00285546 
32.5284 0.00285249 
32.3594 0.00284959 
32.2033 0.00284686 
32.0635 0.00284441 
31.9447 0.00284237 
31.853 0.00284087 
31.7937 0.00283998 
31.7639 0.00283974 
31.7661 0.00284015 
31.8031 0.00284116 
31.8661 0.00284272 
31.955 0.00284473 
32.0663 0.0028471 
32.198 0.00284971 
32.3491 0.00285248 
32.5141 0.00285532 
32.6909 0.00285816 
32.8771 0.00286095 
33.0713 0.00286364 
33.2726 0.00286619 
33.4802 0.00286858 
33.6936 0.00287079 
33.9128 0.00287281 
34.1375 0.00287463 
34.368 0.00287624 
34.6044 0.00287766 
34.847 0.00287888 
35.0963 0.00287991 
35.3529 0.00288075 
35.6173 0.00288142 
35.8903 0.00288191 
36.1724 0.00288224 
38 0.00288241 
38 0.00288243 
36.2514 0.00288227 
35.9825 0.00288195 
35.7229 0.00288146 
35.4718 0.0028808 
35.2287 0.00287997 
34.993 0.00287897 
34.7642 0.00287778 
34.5418 0.00287641 
34.3255 0.00287485 
34.1152 0.0028731 
33.9107 0.00287118 
33.712 0.0028691 
33.5194 0.00286687 
33.3332 0.00286451 
33.1541 0.00286207 
32.9829 0.00285959 
32.8208 0.00285712 
32.6694 0.00285474 
32.5308 0.00285251 
32.4078 0.00285053 
32.3041 0.0028489 
32.2242 0.00284769 
32.1719 0.00284697 
32.1456 0.00284676 
32.1471 0.00284706 
32.1781 0.00284785 
32.2327 0.00284909 
32.3105 0.0028507 
32.4088 0.00285262 
32.5258 0.00285476 
32.6604 0.00285705 
32.8086 0.00285942 
32.9685 0.00286182 
33.138 0.00286418 
33.3161 0.00286648 
33.5017 0.00286867 
33.6941 0.00287073 
33.8929 0.00287264 
34.0979 0.00287439 
34.3088 0.00287598 
34.5259 0.00287739 
34.7493 0.00287864 
34.9791 0.00287971 
35.216 0.00288062 
35.4603 0.00288137 
35.7125 0.00288196 
35.9734 0.0028824 
36.2436 0.00288269 
38 0.00288283 
38 0.00288289 
36.326 0.00288274 
36.0695 0.00288246 
35.8223 0.00288203 
35.5838 0.00288146 
35.3533 0.00288073 
35.1302 0.00287985 
34.9142 0.00287881 
34.7048 0.00287762 
34.5018 0.00287626 
34.305 0.00287476 
34.1142 0.0028731 
33.9297 0.00287132 
33.7515 0.00286941 
33.5801 0.00286742 
33.4162 0.00286536 
33.2604 0.00286328 
33.1139 0.00286123 
32.978 0.00285927 
32.8547 0.00285745 
32.7461 0.00285585 
32.6551 0.00285453 
32.5851 0.00285355 
32.5389 0.00285296 
32.5156 0.00285277 
32.5167 0.002853 
32.543 0.00285363 
32.5906 0.00285462 
32.6589 0.00285592 
32.7459 0.00285747 
32.85 0.00285923 
32.9702 0.00286113 
33.1034 0.0028631 
33.248 0.00286511 
33.4023 0.00286711 
33.5653 0.00286906 
33.7361 0.00287093 
33.914 0.0028727 
34.0986 0.00287435 
34.2897 0.00287586 
34.487 0.00287724 
34.6907 0.00287847 
34.9009 0.00287956 
35.1178 0.0028805 
35.3418 0.00288129 
35.5733 0.00288195 
35.813 0.00288247 
36.0613 0.00288286 
36.3189 0.00288311 
38 0.00288324 
38 0.00288331 
36.4047 0.00288318 
36.1612 0.00288294 
35.927 0.00288256 
35.7015 0.00288206 
35.484 0.00288143 
35.274 0.00288066 
35.071 0.00287976 
34.8748 0.00287873 
34.685 0.00287756 
34.5015 0.00287626 
34.3243 0.00287485 
34.1535 0.00287332 
33.9892 0.00287171 
33.8319 0.00287002 
33.6821 0.00286829 
33.5406 0.00286656 
33.4082 0.00286485 
33.2863 0.00286323 
33.1764 0.00286174 
33.0802 0.00286043 
33.0001 0.00285936 
32.9385 0.00285856 
32.8976 0.00285808 
32.8771 0.00285792 
32.8777 0.0028581 
32.9002 0.0028586 
32.9418 0.00285939 
33.002 0.00286044 
33.0792 0.00286171 
33.172 0.00286316 
33.2794 0.00286472 
33.3992 0.00286637 
33.5299 0.00286805 
33.6702 0.00286973 
33.8191 0.00287138 
33.9758 0.00287298 
34.1398 0.00287449 
34.3106 0.0028759 
34.488 0.00287721 
34.6719 0.00287839 
34.8622 0.00287946 
35.0591 0.0028804 
35.2628 0.00288122 
35.4737 0.00288192 
35.6921 0.00288249 
35.9186 0.00288295 
36.1538 0.00288328 
36.3983 0.00288351 
38 0.00288362 
38 0.00288369 
36.4875 0.00288359 
36.2577 0.00288337 
36.0371 0.00288305 
35.825 0.00288261 
35.6209 0.00288206 
35.4242 0.0028814 
35.2346 0.00288062 
35.0516 0.00287973 
34.8751 0.00287873 
34.7049 0.00287762 
34.5411 0.00287641 
34.3836 0.00287511 
34.2327 0.00287374 
34.0888 0.00287232 
33.9523 0.00287087 
33.824 0.00286942 
33.7046 0.00286801 
33.5952 0.00286667 
33.4971 0.00286544 
33.4118 0.00286437 
33.3411 0.00286349 
33.2868 0.00286284 
33.2506 0.00286244 
33.2324 0.00286231 
33.2328 0.00286245 
33.2522 0.00286284 
33.2887 0.00286348 
33.3419 0.00286434 
33.4103 0.00286538 
33.493 0.00286657 
33.5891 0.00286786 
33.6967 0.00286923 
33.8147 0.00287064 
33.9419 0.00287206 
34.0776 0.00287345 
34.221 0.0028748 
34.3716 0.00287609 
34.529 0.0028773 
34.693 0.00287841 
34.8635 0.00287944 
35.0405 0.00288036 
35.224 0.00288117 
35.4143 0.00288188 
35.6117 0.00288248 
35.8166 0.00288298 
36.0295 0.00288338 
36.251 0.00288367 
36.4817 0.00288387 
38 0.00288397 
38 0.00288404 
36.5746 0.00288395 
36.3591 0.00288376 
36.1526 0.00288348 
35.9545 0.0028831 
35.7642 0.00288263 
35.5811 0.00288206 
35.405 0.00288139 
35.2354 0.00288062 
35.0722 0.00287976 
34.9152 0.00287881 
34.7645 0.00287778 
34.62 0.00287668 
34.4821 0.00287552 
34.351 0.00287432 
34.2271 0.00287311 
34.1111 0.0028719 
34.0036 0.00287072 
33.9057 0.00286961 
33.8182 0.0028686 
33.7426 0.00286772 
33.6801 0.002867 
33.6322 0.00286647 
33.6002 0.00286614 
33.584 0.00286602 
33.5842 0.00286613 
33.6011 0.00286645 
33.6332 0.00286697 
33.6801 0.00286767 
33.7408 0.00286852 
33.8145 0.0028695 
33.9002 0.00287057 
33.9967 0.00287171 
34.103 0.00287289 
34.2181 0.00287408 
34.3412 0.00287526 
34.4719 0.0028764 
34.6096 0.0028775 
34.754 0.00287853 
34.9048 0.00287949 
35.062 0.00288036 
35.2255 0.00288115 
35.3956 0.00288186 
35.5723 0.00288247 
35.756 0.00288299 
35.947 0.00288343 
36.1459 0.00288377 
36.3531 0.00288403 
36.5694 0.0028842 
38 0.00288428 
38 0.00288435 
36.6661 0.00288427 
36.4656 0.00288411 
36.2738 0.00288386 
36.0901 0.00288354 
35.9139 0.00288313 
35.7448 0.00288263 
35.5824 0.00288206 
35.4264 0.0028814 
35.2765 0.00288066 
35.1327 0.00287985 
34.9949 0.00287897 
34.8632 0.00287804 
34.7378 0.00287705 
34.6189 0.00287604 
34.507 0.00287502 
34.4026 0.00287401 
34.3062 0.00287303 
34.2187 0.0028721 
34.141 0.00287127 
34.074 0.00287054 
34.0188 0.00286994 
33.9766 0.0028695 
33.9483 0.00286923 
33.934 0.00286913 
33.9341 0.00286921 
33.9487 0.00286947 
33.9769 0.0028699 
34.0183 0.00287047 
34.0721 0.00287117 
34.1375 0.00287199 
34.2139 0.00287288 
34.3002 0.00287383 
34.3956 0.00287482 
34.4992 0.00287582 
34.6105 0.00287681 
34.7289 0.00287778 
34.8541 0.00287872 
34.9857 0.0028796 
35.1235 0.00288042 
35.2675 0.00288117 
35.4177 0.00288185 
35.5741 0.00288246 
35.737 0.00288299 
35.9066 0.00288344 
36.0834 0.00288381 
36.2678 0.00288411 
36.4602 0.00288434 
36.6615 0.00288448 
38 0.00288456 
38 0.00288462 
36.7623 0.00288455 
36.5774 0.0028844 
36.4009 0.00288419 
36.2321 0.00288391 
36.0705 0.00288355 
35.9157 0.00288313 
35.7672 0.00288263 
35.6248 0.00288206 
35.4883 0.00288143 
35.3576 0.00288073 
35.2326 0.00287998 
35.1134 0.00287918 
35.0002 0.00287835 
34.8932 0.00287749 
34.7927 0.00287662 
34.6992 0.00287577 
34.6133 0.00287495 
34.5355 0.00287417 
34.4666 0.00287347 
34.4074 0.00287287 
34.3588 0.00287237 
34.3216 0.002872 
34.2967 0.00287177 
34.2841 0.00287169 
34.2841 0.00287176 
34.2968 0.00287197 
34.3215 0.00287232 
34.358 0.00287279 
34.4055 0.00287338 
34.4634 0.00287405 
34.5312 0.0028748 
34.608 0.0028756 
34.6932 0.00287644 
34.786 0.00287728 
34.8859 0.00287813 
34.9925 0.00287895 
35.1055 0.00287975 
35.2246 0.0028805 
35.3496 0.00288121 
35.4805 0.00288186 
35.6172 0.00288245 
35.7599 0.00288297 
35.9088 0.00288343 
36.0641 0.00288382 
36.2262 0.00288415 
36.3955 0.00288441 
36.5727 0.0028846 
36.7583 0.00288473 
38 0.0028848 
38 0.00288484 
36.8636 0.00288478 
36.695 0.00288465 
36.5343 0.00288447 
36.3809 0.00288422 
36.2343 0.00288391 
36.094 0.00288353 
35.9597 0.0028831 
35.8311 0.00288261 
35.7081 0.00288206 
35.5904 0.00288146 
35.4781 0.00288081 
35.3713 0.00288012 
35.27 0.0028794 
35.1744 0.00287867 
35.0849 0.00287793 
35.0018 0.00287721 
34.9256 0.00287651 
34.8569 0.00287585 
34.7962 0.00287526 
34.7442 0.00287475 
34.7015 0.00287433 
34.669 0.00287402 
34.6471 0.00287383 
34.6361 0.00287375 
34.636 0.00287381 
34.647 0.00287398 
34.6687 0.00287427 
34.7006 0.00287467 
34.7423 0.00287516 
34.7933 0.00287573 
34.8532 0.00287637 
34.9211 0.00287705 
34.9966 0.00287776 
35.079 0.00287848 
35.1681 0.0028792 
35.2633 0.00287991 
35.3644 0.0028806 
35.4712 0.00288125 
35.5835 0.00288186 
35.7012 0.00288243 
35.8245 0.00288294 
35.9533 0.0028834 
36.088 0.0028838 
36.2286 0.00288414 
36.3757 0.00288443 
36.5296 0.00288466 
36.6908 0.00288483 
36.86 0.00288494 
38 0.002885 
38 0.00288502 
36.9703 0.00288496 
36.8187 0.00288485 
36.6744 0.00288469 
36.5369 0.00288447 
36.4057 0.00288419 
36.2803 0.00288386 
36.1604 0.00288348 
36.0458 0.00288304 
35.9362 0.00288256 
35.8316 0.00288203 
35.732 0.00288146 
35.6372 0.00288086 
35.5476 0.00288024 
35.4632 0.0028796 
35.3843 0.00287896 
35.3112 0.00287833 
35.2443 0.00287773 
35.184 0.00287716 
35.131 0.00287665 
35.0856 0.00287621 
35.0485 0.00287586 
35.0202 0.00287559 
35.0011 0.00287542 
34.9915 0.00287536 
34.9914 0.0028754 
35.0009 0.00287555 
35.0197 0.0028758 
35.0475 0.00287614 
35.0839 0.00287656 
35.1285 0.00287705 
35.1808 0.00287759 
35.2404 0.00287818 
35.3066 0.00287879 
35.3792 0.00287942 
35.4578 0.00288005 
35.5419 0.00288067 
35.6313 0.00288127 
35.726 0.00288185 
35.8256 0.00288238 
35.9303 0.00288288 
36.04 0.00288333 
36.1549 0.00288374 
36.2751 0.00288409 
36.4008 0.0028844 
36.5324 0.00288465 
36.6703 0.00288485 
36.8151 0.002885 
36.9672 0.00288511 
38 0.00288516 
38 0.00288515 
37.083 0.0028851 
36.9491 0.002885 
36.8219 0.00288485 
36.7008 0.00288465 
36.5853 0.0028844 
36.4752 0.00288411 
36.3699 0.00288376 
36.2694 0.00288337 
36.1734 0.00288293 
36.0819 0.00288246 
35.9947 0.00288195 
35.912 0.00288141 
35.8338 0.00288086 
35.7603 0.00288029 
35.6917 0.00287972 
35.6282 0.00287916 
35.5702 0.00287863 
35.518 0.00287813 
35.4721 0.00287768 
35.4329 0.00287729 
35.4009 0.00287697 
35.3766 0.00287674 
35.3601 0.00287659 
35.3518 0.00287653 
35.3517 0.00287657 
35.3599 0.0028767 
35.3761 0.00287692 
35.4 0.00287721 
35.4314 0.00287758 
35.4699 0.00287802 
35.5152 0.0028785 
35.5668 0.00287902 
35.6243 0.00287956 
35.6874 0.00288012 
35.7557 0.00288068 
35.8289 0.00288124 
35.907 0.00288178 
35.9896 0.00288229 
36.0767 0.00288277 
36.1683 0.00288322 
36.2644 0.00288363 
36.3652 0.00288399 
36.4707 0.00288431 
36.5811 0.00288459 
36.6969 0.00288482 
36.8184 0.002885 
36.946 0.00288514 
37.0803 0.00288523 
38 0.00288528 
38 0.00288524 
37.2023 0.00288519 
37.0869 0.0028851 
36.9773 0.00288496 
36.8731 0.00288477 
36.7739 0.00288454 
36.6792 0.00288427 
36.5888 0.00288395 
36.5025 0.00288358 
36.4202 0.00288318 
36.3417 0.00288274 
36.2671 0.00288227 
36.1963 0.00288178 
36.1294 0.00288127 
36.0665 0.00288074 
36.0079 0.00288022 
35.9537 0.00287971 
35.9042 0.00287922 
35.8598 0.00287876 
35.8207 0.00287835 
35.7874 0.002878 
35.7602 0.00287771 
35.7395 0.00287749 
35.7255 0.00287736 
35.7185 0.00287731 
35.7184 0.00287734 
35.7253 0.00287746 
35.739 0.00287765 
35.7594 0.00287792 
35.7861 0.00287826 
35.8188 0.00287865 
35.8574 0.00287909 
35.9014 0.00287957 
35.9504 0.00288007 
36.0043 0.00288058 
36.0626 0.0028811 
36.1253 0.00288161 
36.192 0.00288211 
36.2627 0.00288258 
36.3374 0.00288303 
36.4159 0.00288344 
36.4984 0.00288382 
36.5848 0.00288416 
36.6754 0.00288446 
36.7703 0.00288472 
36.8699 0.00288493 
36.9744 0.0028851 
37.0842 0.00288523 
37.2 0.00288531 
38 0.00288536 
38 0.00288528 
38 0.00288524 
38 0.00288515 
38 0.00288501 
38 0.00288484 
38 0.00288461 
38 0.00288435 
38 0.00288404 
38 0.00288369 
38 0.00288331 
38 0.00288289 
38 0.00288243 
38 0.00288196 
38 0.00288147 
38 0.00288097 
38 0.00288047 
38 0.00287998 
38 0.00287951 
38 0.00287908 
38 0.00287869 
38 0.00287835 
38 0.00287807 
38 0.00287787 
38 0.00287774 
38 0.00287769 
38 0.00287772 
38 0.00287783 
38 0.00287802 
38 0.00287827 
38 0.00287859 
38 0.00287897 
38 0.00287939 
38 0.00287984 
38 0.00288032 
38 0.00288081 
38 0.00288131 
38 0.0028818 
38 0.00288227 
38 0.00288273 
38 0.00288316 
38 0.00288356 
38 0.00288392 
38 0.00288424 
38 0.00288453 
38 0.00288478 
38 0.00288498 
38 0.00288515 
38 0.00288527 
38 0.00288535 
38 0.0028854 

centers of voxels: 
-490 -490 0 
-470 -490 0 
-450 -490 0 
-430 -490 0 
-410 -490 0 
-390 -490 0 
-370 -490 0 
-350 -490 0 
-330 -490 0 
-310 -490 0 
-290 -490 0 
-270 -490 0 
-250 -490 0 
-230 -490 0 
-210 -490 0 
-190 -490 0 
-170 -490 0 
-150 -490 0 
-130 -490 0 
-110 -490 0 
-90 -490 0 
-70 -490 0 
-50 -490 0 
-30 -490 0 
-10 -490 0 
10 -490 0 
30 -490 0 
50 -490 0 
70 -490 0 
90 -490 0 
110 -490 0 
130 -490 0 
150 -490 0 
170 -490 0 
190 -490 0 
210 -490 0 
230 -490 0 
250 -490 0 
270 -490 0 
290 -490 0 
310 -490 0 
330 -490 0 
350 -490 0 
370 -490 0 
390 -490 0 
410 -490 0 
430 -490 0 
450 -490 0 
470 -490 0 
490 -490 0 
-490 -470 0 
-470 -470 0 
-450 -470 0 
-430 -470 0 
-410 -470 0 
-390 -470 0 
-370 -470 0 
-350 -470 0 
-330 -470 0 
-310 -470 0 
-290 -470 0 
-270 -470 0 
-250 -470 0 
-230 -470 0 
-210 -470 0 
-190 -470 0 
-170 -470 0 
-150 -470 0 
-130 -470 0 
-110 -470 0 
-90 -470 0 
-70 -470 0 
-50 -470 0 
-30 -470 0 
-10 -470 0 
10 -470 0 
30 -470 0 
50 -470 0 
70 -470 0 
90 -470 0 
110 -470 0 
130 -470 0 
150 -470 0 
170 -470 0 
190 -470 0 
210 -470 0 
230 -470 0 
250 -470 0 
270 -470 0 
290 -470 0 
310 -470 0 
330 -470 0 
350 -470 0 
370 -470 0 
390 -470 0 
410 -470 0 
430 -470 0 
450 -470 0 
470 -470 0 
490 -470 0 
-490 -450 0 
-470 -450 0 
-450 -450 0 
-430 -450 0 
-410 -450 0 
-390 -450 0 
-370 -450 0 
-350 -450 0 
-330 -450 0 
-310 -450 0 
-290 -450 0 
-270 -450 0 
-250 -450 0 
-230 -450 0 
-210 -450 0 
-190 -450 0 
-170 -450 0 
-150 -450 0 
-130 -450 0 
-110 -450 0 
-90 -450 0 
-70 -450 0 
-50 -450 0 
-30 -450 0 
-10 -450 0 
10 -450 0 
30 -450 0 
50 -450 0 
70 -450 0 
90 -450 0 
110 -450 0 
130 -450 0 
150 -450 0 
170 -450 0 
190 -450 0 
210 -450 0 
230 -450 0 
250 -450 0 
270 -450 0 
290 -450 0 
310 -450 0 
330 -450 0 
350 -450 0 
370 -450 0 
390 -450 0 
410 -450 0 
430 -450 0 
450 -450 0 
470 -450 0 
490 -450 0 
-490 -430 0 
-470 -430 0 
-450 -430 0 
-430 -430 0 
-410 -430 0 
-390 -430 0 
-370 -430 0 
-350 -430 0 
-330 -430 0 
-310 -430 0 
-290 -430 0 
-270 -430 0 
-250 -430 0 
-230 -430 0 
-210 -430 0 
-190 -430 0 
-170 -430 0 
-150 -430 0 
-130 -430 0 
-110 -430 0 
-90 -430 0 
-70 -430 0 
-50 -430 0 
-30 -430 0 
-10 -430 0 
10 -430 0 
30 -430 0 
50 -430 0 
70 -430 0 
90 -430 0 
110 -430 0 
130 -430 0 
150 -430 0 
170 -430 0 
190 -430 0 
210 -430 0 
230 -430 0 
250 -430 0 
270 -430 0 
290 -430 0 
310 -430 0 
330 -430 0 
350 -430 0 
370 -430 0 
390 -430 0 
410 -430 0 
430 -430 0 
450 -430 0 
470 -430 0 
490 -430 0 
-490 -410 0 
-470 -410 0 
-450 -410 0 
-430 -410 0 
-410 -410 0 
-390 -410 0 
-370 -410 0 
-350 -410 0 
-330 -410 0 
-310 -410 0 
-290 -410 0 
-270 -410 0 
-250 -410 0 
-230 -410 0 
-210 -410 0 
-190 -410 0 
-170 -410 0 
-150 -410 0 
-130 -410 0 
-110 -410 0 
-90 -410 0 
-70 -410 0 
-50 -410 0 
-30 -410 0 
-10 -410 0 
10 -410 0 
30 -410 0 
50 -410 0 
70 -410 0 
90 -410 0 
110 -410 0 
130 -410 0 
150 -410 0 
170 -410 0 
190 -410 0 
210 -410 0 
230 -410 0 
250 -410 0 
270 -410 0 
290 -410 0 
310 -410 0 
330 -410 0 
350 -410 0 
370 -410 0 
390 -410 0 
410 -410 0 
430 -410 0 
450 -410 0 
470 -410 0 
490 -410 0 
-490 -390 0 
-470 -390 0 
-450 -390 0 
-430 -390 0 
-410 -390 0 
-390 -390 0 
-370 -390 0 
-350 -390 0 
-330 -390 0 
-310 -390 0 
-290 -390 0 
-270 -390 0 
-250 -390 0 
-230 -390 0 
-210 -390 0 
-190 -390 0 
-170 -390 0 
-150 -390 0 
-130 -390 0 
-110 -390 0 
-90 -390 0 
-70 -390 0 
-50 -390 0 
-30 -390 0 
-10 -390 0 
10 -390 0 
30 -390 0 
50 -390 0 
70 -390 0 
90 -390 0 
110 -390 0 
130 -390 0 
150 -390 0 
170 -390 0 
190 -390 0 
210 -390 0 
230 -390 0 
250 -390 0 
270 -390 0 
290 -390 0 
310 -390 0 
330 -390 0 
350 -390 0 
370 -390 0 
390 -390 0 
410 -390 0 
430 -390 0 
450 -390 0 
470 -390 0 
490 -390 0 
-490 -370 0 
-470 -370 0 
-450 -370 0 
-430 -370 0 
-410 -370 0 
-390 -370 0 
-370 -370 0 
-350 -370 0 
-330 -370 0 
-310 -370 0 
-290 -370 0 
-270 -370 0 
-250 -370 0 
-230 -370 0 
-210 -370 0 
-190 -370 0 
-170 -370 0 
-150 -370 0 
-130 -370 0 
-110 -370 0 
-90 -370 0 
-70 -370 0 
-50 -370 0 
-30 -370 0 
-10 -370 0 
10 -370 0 
30 -370 0 
50 -370 0 
70 -370 0 
90 -370 0 
110 -370 0 
130 -370 0 
150 -370 0 
170 -370 0 
190 -370 0 
210 -370 0 
230 -370 0 
250 -370 0 
270 -370 0 
290 -370 0 
310 -370 0 
330 -370 0 
350 -370 0 
370 -370 0 
390 -370 0 
410 -370 0 
430 -370 0 
450 -370 0 
470 -370 0 
490 -370 0 
-490 -350 0 
-470 -350 0 
-450 -350 0 
-430 -350 0 
-410 -350 0 
-390 -350 0 
-370 -350 0 
-350 -350 0 
-330 -350 0 
-310 -350 0 
-290 -350 0 
-270 -350 0 
-250 -350 0 
-230 -350 0 
-210 -350 0 
-190 -350 0 
-170 -350 0 
-150 -350 0 
-130 -350 0 
-110 -350 0 
-90 -350 0 
-70 -350 0 
-50 -350 0 
-30 -350 0 
-10 -350 0 
10 -350 0 
30 -350 0 
50 -350 0 
70 -350 0 
90 -350 0 
110 -350 0 
130 -350 0 
150 -350 0 
170 -350 0 
190 -350 0 
210 -350 0 
230 -350 0 
250 -350 0 
270 -350 0 
290 -350 0 
310 -350 0 
330 -350 0 
350 -350 0 
370 -350 0 
390 -350 0 
410 -350 0 
430 -350 0 
450 -350 0 
470 -350 0 
490 -350 0 
-490 -330 0 
-470 -330 0 
-450 -330 0 
-430 -330 0 
-410 -330 0 
-390 -330 0 
-370 -330 0 
-350 -330 0 
-330 -330 0 
-310 -330 0 
-290 -330 0 
-270 -330 0 
-250 -330 0 
-230 -330 0 
-210 -330 0 
-190 -330 0 
-170 -330 0 
-150 -330 0 
-130 -330 0 
-110 -330 0 
-90 -330 0 
-70 -330 0 
-50 -330 0 
-30 -330 0 
-10 -330 0 
10 -330 0 
30 -330 0 
50 -330 0 
70 -330 0 
90 -330 0 
110 -330 0 
130 -330 0 
150 -330 0 
170 -330 0 
190 -330 0 
210 -330 0 
230 -330 0 
250 -330 0 
270 -330 0 
290 -330 0 
310 -330 0 
330 -330 0 
350 -330 0 
370 -330 0 
390 -330 0 
410 -330 0 
430 -330 0 
450 -330 0 
470 -330 0 
490 -330 0 
-490 -310 0 
-470 -310 0 
-450 -310 0 
-430 -310 0 
-410 -310 0 
-390 -310 0 
-370 -310 0 
-350 -310 0 
-330 -310 0 
-310 -310 0 
-290 -310 0 
-270 -310 0 
-250 -310 0 
-230 -310 0 
-210 -310 0 
-190 -310 0 
-170 -310 0 
-150 -310 0 
-130 -310 0 
-110 -310 0 
-90 -310 0 
-70 -310 0 
-50 -310 0 
-30 -310 0 
-10 -310 0 
10 -310 0 
30 -310 0 
50 -310 0 
70 -310 0 
90 -310 0 
110 -310 0 
130 -310 0 
150 -310 0 
170 -310 0 
190 -310 0 
210 -310 0 
230 -310 0 
250 -310 0 
270 -310 0 
290 -310 0 
310 -310 0 
330 -310 0 
350 -310 0 
370 -310 0 
390 -310 0 
410 -310 0 
430 -310 0 
450 -310 0 
470 -310 0 
490 -310 0 
-490 -290 0 
-470 -290 0 
-450 -290 0 
-430 -290 0 
-410 -290 0 
-390 -290 0 
-370 -290 0 
-350 -290 0 
-330 -290 0 
-310 -290 0 
-290 -290 0 
-270 -290 0 
-250 -290 0 
-230 -290 0 
-210 -290 0 
-190 -290 0 
-170 -290 0 
-150 -290 0 
-130 -290 0 
-110 -290 0 
-90 -290 0 
-70 -290 0 
-50 -290 0 
-30 -290 0 
-10 -290 0 
10 -290 0 
30 -290 0 
50 -290 0 
70 -290 0 
90 -290 0 
110 -290 0 
130 -290 0 
150 -290 0 
170 -290 0 
190 -290 0 
210 -290 0 
230 -290 0 
250 -290 0 
270 -290 0 
290 -290 0 
310 -290 0 
330 -290 0 
350 -290 0 
370 -290 0 
390 -290 0 
410 -290 0 
430 -290 0 
450 -290 0 
470 -290 0 
490 -290 0 
-490 -270 0 
-470 -270 0 
-450 -270 0 
-430 -270 0 
-410 -270 0 
-390 -270 0 
-370 -270 0 
-350 -270 0 
-330 -270 0 
-310 -270 0 
-290 -270 0 
-270 -270 0 
-250 -270 0 
-230 -270 0 
-210 -270 0 
-190 -270 0 
-170 -270 0 
-150 -270 0 
-130 -270 0 
-110 -270 0 
-90 -270 0 
-70 -270 0 
-50 -270 0 
-30 -270 0 
-10 -270 0 
10 -270 0 
30 -270 0 
50 -270 0 
70 -270 0 
90 -270 0 
110 -270 0 
130 -270 0 
150 -270 0 
170 -270 0 
190 -270 0 
210 -270 0 
230 -270 0 
250 -270 0 
270 -270 0 
290 -270 0 
310 -270 0 
330 -270 0 
350 -270 0 
370 -270 0 
390 -270 0 
410 -270 0 
430 -270 0 
450 -270 0 
470 -270 0 
490 -270 0 
-490 -250 0 
-470 -250 0 
-450 -250 0 
-430 -250 0 
-410 -250 0 
-390 -250 0 
-370 -250 0 
-350 -250 0 
-330 -250 0 
-310 -250 0 
-290 -250 0 
-270 -250 0 
-250 -250 0 
-230 -250 0 
-210 -250 0 
-190 -250 0 
-170 -250 0 
-150 -250 0 
-130 -250 0 
-110 -250 0 
-90 -250 0 
-70 -250 0 
-50 -250 0 
-30 -250 0 
-10 -250 0 
10 -250 0 
30 -250 0 
50 -250 0 
70 -250 0 
90 -250 0 
110 -250 0 
130 -250 0 
150 -250 0 
170 -250 0 
190 -250 0 
210 -250 0 
230 -250 0 
250 -250 0 
270 -250 0 
290 -250 0 
310 -250 0 
330 -250 0 
350 -250 0 
370 -250 0 
390 -250 0 
410 -250 0 
430 -250 0 
450 -250 0 
470 -250 0 
490 -250 0 
-490 -230 0 
-470 -230 0 
-450 -230 0 
-430 -230 0 
-410 -230 0 
-390 -230 0 
-370 -230 0 
-350 -230 0 
-330 -230 0 
-310 -230 0 
-290 -230 0 
-270 -230 0 
-250 -230 0 
-230 -230 0 
-210 -230 0 
-190 -230 0 
-170 -230 0 
-150 -230 0 
-130 -230 0 
-110 -230 0 
-90 -230 0 
-70 -230 0 
-50 -230 0 
-30 -230 0 
-10 -230 0 
10 -230 0 
30 -230 0 
50 -230 0 
70 -230 0 
90 -230 0 
110 -230 0 
130 -230 0 
150 -230 0 
170 -230 0 
190 -230 0 
210 -230 0 
230 -230 0 
250 -230 0 
270 -230 0 
290 -230 0 
310 -230 0 
330 -230 0 
350 -230 0 
370 -230 0 
390 -230 0 
410 -230 0 
430 -230 0 
450 -230 0 
470 -230 0 
490 -230 0 
-490 -210 0 
-470 -210 0 
-450 -210 0 
-430 -210 0 
-410 -210 0 
-390 -210 0 
-370 -210 0 
-350 -210 0 
-330 -210 0 
-310 -210 0 
-290 -210 0 
-270 -210 0 
-250 -210 0 
-230 -210 0 
-210 -210 0 
-190 -210 0 
-170 -210 0 
-150 -210 0 
-130 -210 0 
-110 -210 0 
-90 -210 0 
-70 -210 0 
-50 -210 0 
-30 -210 0 
-10 -210 0 
10 -210 0 
30 -210 0 
50 -210 0 
70 -210 0 
90 -210 0 
110 -210 0 
130 -210 0 
150 -210 0 
170 -210 0 
190 -210 0 
210 -210 0 
230 -210 0 
250 -210 0 
270 -210 0 
290 -210 0 
310 -210 0 
330 -210 0 
350 -210 0 
370 -210 0 
390 -210 0 
410 -210 0 
430 -210 0 
450 -210 0 
470 -210 0 
490 -210 0 
-490 -190 0 
-470 -190 0 
-450 -190 0 
-430 -190 0 
-410 -190 0 
-390 -190 0 
-370 -190 0 
-350 -190 0 
-330 -190 0 
-310 -190 0 
-290 -190 0 
-270 -190 0 
-250 -190 0 
-230 -190 0 
-210 -190 0 
-190 -190 0 
-170 -190 0 
-150 -190 0 
-130 -190 0 
-110 -190 0 
-90 -190 0 
-70 -190 0 
-50 -190 0 
-30 -190 0 
-10 -190 0 
10 -190 0 
30 -190 0 
50 -190 0 
70 -190 0 
90 -190 0 
110 -190 0 
130 -190 0 
150 -190 0 
170 -190 0 
190 -190 0 
210 -190 0 
230 -190 0 
250 -190 0 
270 -190 0 
290 -190 0 
310 -190 0 
330 -190 0 
350 -190 0 
370 -190 0 
390 -190 0 
410 -190 0 
430 -190 0 
450 -190 0 
470 -190 0 
490 -190 0 
-490 -170 0 
-470 -170 0 
-450 -170 0 
-430 -170 0 
-410 -170 0 
-390 -170 0 
-370 -170 0 
-350 -170 0 
-330 -170 0 
-310 -170 0 
-290 -170 0 
-270 -170 0 
-250 -170 0 
-230 -170 0 
-210 -170 0 
-190 -170 0 
-170 -170 0 
-150 -170 0 
-130 -170 0 
-110 -170 0 
-90 -170 0 
-70 -170 0 
-50 -170 0 
-30 -170 0 
-10 -170 0 
10 -170 0 
30 -170 0 
50 -170 0 
70 -170 0 
90 -170 0 
110 -170 0 
130 -170 0 
150 -170 0 
170 -170 0 
190 -170 0 
210 -170 0 
230 -170 0 
250 -170 0 
270 -170 0 
290 -170 0 
310 -170 0 
330 -170 0 
350 -170 0 
370 -170 0 
390 -170 0 
410 -170 0 
430 -170 0 
450 -170 0 
470 -170 0 
490 -170 0 
-490 -150 0 
-470 -150 0 
-450 -150 0 
-430 -150 0 
-410 -150 0 
-390 -150 0 
-370 -150 0 
-350 -150 0 
-330 -150 0 
-310 -150 0 
-290 -150 0 
-270 -150 0 
-250 -150 0 
-230 -150 0 
-210 -150 0 
-190 -150 0 
-170 -150 0 
-150 -150 0 
-130 -150 0 
-110 -150 0 
-90 -150 0 
-70 -150 0 
-50 -150 0 
-30 -150 0 
-10 -150 0 
10 -150 0 
30 -150 0 
50 -150 0 
70 -150 0 
90 -150 0 
110 -150 0 
130 -150 0 
150 -150 0 
170 -150 0 
190 -150 0 
210 -150 0 
230 -150 0 
250 -150 0 
270 -150 0 
290 -150 0 
310 -150 0 
330 -150 0 
350 -150 0 
370 -150 0 
390 -150 0 
410 -150 0 
430 -150 0 
450 -150 0 
470 -150 0 
490 -150 0 
-490 -130 0 
-470 -130 0 
-450 -130 0 
-430 -130 0 
-410 -130 0 
-390 -130 0 
-370 -130 0 
-350 -130 0 
-330 -130 0 
-310 -130 0 
-290 -130 0 
-270 -130 0 
-250 -130 0 
-230 -130 0 
-210 -130 0 
-190 -130 0 
-170 -130 0 
-150 -130 0 
-130 -130 0 
-110 -130 0 
-90 -130 0 
-70 -130 0 
-50 -130 0 
-30 -130 0 
-10 -130 0 
10 -130 0 
30 -130 0 
50 -130 0 
70 -130 0 
90 -130 0 
110 -130 0 
130 -130 0 
150 -130 0 
170 -130 0 
190 -130 0 
210 -130 0 
230 -130 0 
250 -130 0 
270 -130 0 
290 -130 0 
310 -130 0 
330 -130 0 
350 -130 0 
370 -130 0 
390 -130 0 
410 -130 0 
430 -130 0 
450 -130 0 
470 -130 0 
490 -130 0 
-490 -110 0 
-470 -110 0 
-450 -110 0 
-430 -110 0 
-410 -110 0 
-390 -110 0 
-370 -110 0 
-350 -110 0 
-330 -110 0 
-310 -110 0 
-290 -110 0 
-270 -110 0 
-250 -110 0 
-230 -110 0 
-210 -110 0 
-190 -110 0 
-170 -110 0 
-150 -110 0 
-130 -110 0 
-110 -110 0 
-90 -110 0 
-70 -110 0 
-50 -110 0 
-30 -110 0 
-10 -110 0 
10 -110 0 
30 -110 0 
50 -110 0 
70 -110 0 
90 -110 0 
110 -110 0 
130 -110 0 
150 -110 0 
170 -110 0 
190 -110 0 
210 -110 0 
230 -110 0 
250 -110 0 
270 -110 0 
290 -110 0 
310 -110 0 
330 -110 0 
350 -110 0 
370 -110 0 
390 -110 0 
410 -110 0 
430 -110 0 
450 -110 0 
470 -110 0 
490 -110 0 
-490 -90 0 
-470 -90 0 
-450 -90 0 
-430 -90 0 
-410 -90 0 
-390 -90 0 
-370 -90 0 
-350 -90 0 
-330 -90 0 
-310 -90 0 
-290 -90 0 
-270 -90 0 
-250 -90 0 
-230 -90 0 
-210 -90 0 
-190 -90 0 
-170 -90 0 
-150 -90 0 
-130 -90 0 
-110 -90 0 
-90 -90 0 
-70 -90 0 
-50 -90 0 
-30 -90 0 
-10 -90 0 
10 -90 0 
30 -90 0 
50 -90 0 
70 -90 0 
90 -90 0 
110 -90 0 
130 -90 0 
150 -90 0 
170 -90 0 
190 -90 0 
210 -90 0 
230 -90 0 
250 -90 0 
270 -90 0 
290 -90 0 
310 -90 0 
330 -90 0 
350 -90 0 
370 -90 0 
390 -90 0 
410 -90 0 
430 -90 0 
450 -90 0 
470 -90 0 
490 -90 0 
-490 -70 0 
-470 -70 0 
-450 -70 0 
-430 -70 0 
-410 -70 0 
-390 -70 0 
-370 -70 0 
-350 -70 0 
-330 -70 0 
-310 -70 0 
-290 -70 0 
-270 -70 0 
-250 -70 0 
-230 -70 0 
-210 -70 0 
-190 -70 0 
-170 -70 0 
-150 -70 0 
-130 -70 0 
-110 -70 0 
-90 -70 0 
-70 -70 0 
-50 -70 0 
-30 -70 0 
-10 -70 0 
10 -70 0 
30 -70 0 
50 -70 0 
70 -70 0 
90 -70 0 
110 -70 0 
130 -70 0 
150 -70 0 
170 -70 0 
190 -70 0 
210 -70 0 
230 -70 0 
250 -70 0 
270 -70 0 
290 -70 0 
310 -70 0 
330 -70 0 
350 -70 0 
370 -70 0 
390 -70 0 
410 -70 0 
430 -70 0 
450 -70 0 
470 -70 0 
490 -70 0 
-490 -50 0 
-470 -50 0 
-450 -50 0 
-430 -50 0 
-410 -50 0 
-390 -50 0 
-370 -50 0 
-350 -50 0 
-330 -50 0 
-310 -50 0 
-290 -50 0 
-270 -50 0 
-250 -50 0 
-230 -50 0 
-210 -50 0 
-190 -50 0 
-170 -50 0 
-150 -50 0 
-130 -50 0 
-110 -50 0 
-90 -50 0 
-70 -50 0 
-50 -50 0 
-30 -50 0 
-10 -50 0 
10 -50 0 
30 -50 0 
50 -50 0 
70 -50 0 
90 -50 0 
110 -50 0 
130 -50 0 
150 -50 0 
170 -50 0 
190 -50 0 
210 -50 0 
230 -50 0 
250 -50 0 
270 -50 0 
290 -50 0 
310 -50 0 
330 -50 0 
350 -50 0 
370 -50 0 
390 -50 0 
410 -50 0 
430 -50 0 
450 -50 0 
470 -50 0 
490 -50 0 
-490 -30 0 
-470 -30 0 
-450 -30 0 
-430 -30 0 
-410 -30 0 
-390 -30 0 
-370 -30 0 
-350 -30 0 
-330 -30 0 
-310 -30 0 
-290 -30 0 
-270 -30 0 
-250 -30 0 
-230 -30 0 
-210 -30 0 
-190 -30 0 
-170 -30 0 
-150 -30 0 
-130 -30 0 
-110 -30 0 
-90 -30 0 
-70 -30 0 
-50 -30 0 
-30 -30 0 
-10 -30 0 
10 -30 0 
30 -30 0 
50 -30 0 
70 -30 0 
90 -30 0 
110 -30 0 
130 -30 0 
150 -30 0 
170 -30 0 
190 -30 0 
210 -30 0 
230 -30 0 
250 -30 0 
270 -30 0 
290 -30 0 
310 -30 0 
330 -30 0 
350 -30 0 
370 -30 0 
390 -30 0 
410 -30 0 
430 -30 0 
450 -30 0 
470 -30 0 
490 -30 0 
-490 -10 0 
-470 -10 0 
-450 -10 0 
-430 -10 0 
-410 -10 0 
-390 -10 0 
-370 -10 0 
-350 -10 0 
-330 -10 0 
-310 -10 0 
-290 -10 0 
-270 -10 0 
-250 -10 0 
-230 -10 0 
-210 -10 0 
-190 -10 0 
-170 -10 0 
-150 -10 0 
-130 -10 0 
-110 -10 0 
-90 -10 0 
-70 -10 0 
-50 -10 0 
-30 -10 0 
-10 -10 0 
10 -10 0 
30 -10 0 
50 -10 0 
70 -10 0 
90 -10 0 
110 -10 0 
130 -10 0 
150 -10 0 
170 -10 0 
190 -10 0 
210 -10 0 
230 -10 0 
250 -10 0 
270 -10 0 
290 -10 0 
310 -10 0 
330 -10 0 
350 -10 0 
370 -10 0 
390 -10 0 
410 -10 0 
430 -10 0 
450 -10 0 
470 -10 0 
490 -10 0 
-490 10 0 
-470 10 0 
-450 10 0 
-430 10 0 
-410 10 0 
-390 10 0 
-370 10 0 
-350 10 0 
-330 10 0 
-310 10 0 
-290 10 0 
-270 10 0 
-250 10 0 
-230 10 0 
-210 10 0 
-190 10 0 
-170 10 0 
-150 10 0 
-130 10 0 
-110 10 0 
-90 10 0 
-70 10 0 
-50 10 0 
-30 10 0 
-10 10 0 
10 10 0 
30 10 0 
50 10 0 
70 10 0 
90 10 0 
110 10 0 
130 10 0 
150 10 0 
170 10 0 
190 10 0 
210 10 0 
230 10 0 
250 10 0 
270 10 0 
290 10 0 
310 10 0 
330 10 0 
350 10 0 
370 10 0 
390 10 0 
410 10 0 
430 10 0 
450 10 0 
470 10 0 
490 10 0 
-490 30 0 
-470 30 0 
-450 30 0 
-430 30 0 
-410 30 0 
-390 30 0 
-370 30 0 
-350 30 0 
-330 30 0 
-310 30 0 
-290 30 0 
-270 30 0 
-250 30 0 
-230 30 0 
-210 30 0 
-190 30 0 
-170 30 0 
-150 30 0 
-130 30 0 
-110 30 0 
-90 30 0 
-70 30 0 
-50 30 0 
-30 30 0 
-10 30 0 
10 30 0 
30 30 0 
50 30 0 
70 30 0 
90 30 0 
110 30 0 
130 30 0 
150 30 0 
170 30 0 
190 30 0 
210 30 0 
230 30 0 
250 30 0 
270 30 0 
290 30 0 
310 30 0 
330 30 0 
350 30 0 
370 30 0 
390 30 0 
410 30 0 
430 30 0 
450 30 0 
470 30 0 
490 30 0 
-490 50 0 
-470 50 0 
-450 50 0 
-430 50 0 
-410 50 0 
-390 50 0 
-370 50 0 
-350 50 0 
-330 50 0 
-310 50 0 
-290 50 0 
-270 50 0 
-250 50 0 
-230 50 0 
-210 50 0 
-190 50 0 
-170 50 0 
-150 50 0 
-130 50 0 
-110 50 0 
-90 50 0 
-70 50 0 
-50 50 0 
-30 50 0 
-10 50 0 
10 50 0 
30 50 0 
50 50 0 
70 50 0 
90 50 0 
110 50 0 
130 50 0 
150 50 0 
170 50 0 
190 50 0 
210 50 0 
230 50 0 
250 50 0 
270 50 0 
290 50 0 
310 50 0 
330 50 0 
350 50 0 
370 50 0 
390 50 0 
410 50 0 
430 50 0 
450 50 0 
470 50 0 
490 50 0 
-490 70 0 
-470 70 0 
-450 70 0 
-430 70 0 
-410 70 0 
-390 70 0 
-370 70 0 
-350 70 0 
-330 70 0 
-310 70 0 
-290 70 0 
-270 70 0 
-250 70 0 
-230 70 0 
-210 70 0 
-190 70 0 
-170 70 0 
-150 70 0 
-130 70 0 
-110 70 0 
-90 70 0 
-70 70 0 
-50 70 0 
-30 70 0 
-10 70 0 
10 70 0 
30 70 0 
50 70 0 
70 70 0 
90 70 0 
110 70 0 
130 70 0 
150 70 0 
170 70 0 
190 70 0 
210 70 0 
230 70 0 
250 70 0 
270 70 0 
290 70 0 
310 70 0 
330 70 0 
350 70 0 
370 70 0 
390 70 0 
410 70 0 
430 70 0 
450 70 0 
470 70 0 
490 70 0 
-490 90 0 
-470 90 0 
-450 90 0 
-430 90 0 
-410 90 0 
-390 90 0 
-370 90 0 
-350 90 0 
-330 90 0 
-310 90 0 
-290 90 0 
-270 90 0 
-250 90 0 
-230 90 0 
-210 90 0 
-190 90 0 
-170 90 0 
-150 90 0 
-130 90 0 
-110 90 0 
-90 90 0 
-70 90 0 
-50 90 0 
-30 90 0 
-10 90 0 
10 90 0 
30 90 0 
50 90 0 
70 90 0 
90 90 0 
110 90 0 
130 90 0 
150 90 0 
170 90 0 
190 90 0 
210 90 0 
230 90 0 
250 90 0 
270 90 0 
290 90 0 
310 90 0 
330 90 0 
350 90 0 
370 90 0 
390 90 0 
410 90 0 
430 90 0 
450 90 0 
470 90 0 
490 90 0 
-490 110 0 
-470 110 0 
-450 110 0 
-430 110 0 
-410 110 0 
-390 110 0 
-370 110 0 
-350 110 0 
-330 110 0 
-310 110 0 
-290 110 0 
-270 110 0 
-250 110 0 
-230 110 0 
-210 110 0 
-190 110 0 
-170 110 0 
-150 110 0 
-130 110 0 
-110 110 0 
-90 110 0 
-70 110 0 
-50 110 0 
-30 110 0 
-10 110 0 
10 110 0 
30 110 0 
50 110 0 
70 110 0 
90 110 0 
110 110 0 
130 110 0 
150 110 0 
170 110 0 
190 110 0 
210 110 0 
230 110 0 
250 110 0 
270 110 0 
290 110 0 
310 110 0 
330 110 0 
350 110 0 
370 110 0 
390 110 0 
410 110 0 
430 110 0 
450 110 0 
470 110 0 
490 110 0 
-490 130 0 
-470 130 0 
-450 130 0 
-430 130 0 
-410 130 0 
-390 130 0 
-370 130 0 
-350 130 0 
-330 130 0 
-310 130 0 
-290 130 0 
-270 130 0 
-250 130 0 
-230 130 0 
-210 130 0 
-190 130 0 
-170 130 0 
-150 130 0 
-130 130 0 
-110 130 0 
-90 130 0 
-70 130 0 
-50 130 0 
-30 130 0 
-10 130 0 
10 130 0 
30 130 0 
50 130 0 
70 130 0 
90 130 0 
110 130 0 
130 130 0 
150 130 0 
170 130 0 
190 130 0 
210 130 0 
230 130 0 
250 130 0 
270 130 0 
290 130 0 
310 130 0 
330 130 0 
350 130 0 
370 130 0 
390 130 0 
410 130 0 
430 130 0 
450 130 0 
470 130 0 
490 130 0 
-490 150 0 
-470 150 0 
-450 150 0 
-430 150 0 
-410 150 0 
-390 150 0 
-370 150 0 
-350 150 0 
-330 150 0 
-310 150 0 
-290 150 0 
-270 150 0 
-250 150 0 
-230 150 0 
-210 150 0 
-190 150 0 
-170 150 0 
-150 150 0 
-130 150 0 
-110 150 0 
-90 150 0 
-70 150 0 
-50 150 0 
-30 150 0 
-10 150 0 
10 150 0 
30 150 0 
50 150 0 
70 150 0 
90 150 0 
110 150 0 
130 150 0 
150 150 0 
170 150 0 
190 150 0 
210 150 0 
230 150 0 
250 150 0 
270 150 0 
290 150 0 
310 150 0 
330 150 0 
350 150 0 
370 150 0 
390 150 0 
410 150 0 
430 150 0 
450 150 0 
470 150 0 
490 150 0 
-490 170 0 
-470 170 0 
-450 170 0 
-430 170 0 
-410 170 0 
-390 170 0 
-370 170 0 
-350 170 0 
-330 170 0 
-310 170 0 
-290 170 0 
-270 170 0 
-250 170 0 
-230 170 0 
-210 170 0 
-190 170 0 
-170 170 0 
-150 170 0 
-130 170 0 
-110 170 0 
-90 170 0 
-70 170 0 
-50 170 0 
-30 170 0 
-10 170 0 
10 170 0 
30 170 0 
50 170 0 
70 170 0 
90 170 0 
110 170 0 
130 170 0 
150 170 0 
170 170 0 
190 170 0 
210 170 0 
230 170 0 
250 170 0 
270 170 0 
290 170 0 
310 170 0 
330 170 0 
350 170 0 
370 170 0 
390 170 0 
410 170 0 
430 170 0 
450 170 0 
470 170 0 
490 170 0 
-490 190 0 
-470 190 0 
-450 190 0 
-430 190 0 
-410 190 0 
-390 190 0 
-370 190 0 
-350 190 0 
-330 190 0 
-310 190 0 
-290 190 0 
-270 190 0 
-250 190 0 
-230 190 0 
-210 190 0 
-190 190 0 
-170 190 0 
-150 190 0 
-130 190 0 
-110 190 0 
-90 190 0 
-70 190 0 
-50 190 0 
-30 190 0 
-10 190 0 
10 190 0 
30 190 0 
50 190 0 
70 190 0 
90 190 0 
110 190 0 
130 190 0 
150 190 0 
170 190 0 
190 190 0 
210 190 0 
230 190 0 
250 190 0 
270 190 0 
290 190 0 
310 190 0 
330 190 0 
350 190 0 
370 190 0 
390 190 0 
410 190 0 
430 190 0 
450 190 0 
470 190 0 
490 190 0 
-490 210 0 
-470 210 0 
-450 210 0 
-430 210 0 
-410 210 0 
-390 210 0 
-370 210 0 
-350 210 0 
-330 210 0 
-310 210 0 
-290 210 0 
-270 210 0 
-250 210 0 
-230 210 0 
-210 210 0 
-190 210 0 
-170 210 0 
-150 210 0 
-130 210 0 
-110 210 0 
-90 210 0 
-70 210 0 
-50 210 0 
-30 210 0 
-10 210 0 
10 210 0 
30 210 0 
50 210 0 
70 210 0 
90 210 0 
110 210 0 
130 210 0 
150 210 0 
170 210 0 
190 210 0 
210 210 0 
230 210 0 
250 210 0 
270 210 0 
290 210 0 
310 210 0 
330 210 0 
350 210 0 
370 210 0 
390 210 0 
410 210 0 
430 210 0 
450 210 0 
470 210 0 
490 210 0 
-490 230 0 
-470 230 0 
-450 230 0 
-430 230 0 
-410 230 0 
-390 230 0 
-370 230 0 
-350 230 0 
-330 230 0 
-310 230 0 
-290 230 0 
-270 230 0 
-250 230 0 
-230 230 0 
-210 230 0 
-190 230 0 
-170 230 0 
-150 230 0 
-130 230 0 
-110 230 0 
-90 230 0 
-70 230 0 
-50 230 0 
-30 230 0 
-10 230 0 
10 230 0 
30 230 0 
50 230 0 
70 230 0 
90 230 0 
110 230 0 
130 230 0 
150 230 0 
170 230 0 
190 230 0 
210 230 0 
230 230 0 
250 230 0 
270 230 0 
290 230 0 
310 230 0 
330 230 0 
350 230 0 
370 230 0 
390 230 0 
410 230 0 
430 230 0 
450 230 0 
470 230 0 
490 230 0 
-490 250 0 
-470 250 0 
-450 250 0 
-430 250 0 
-410 250 0 
-390 250 0 
-370 250 0 
-350 250 0 
-330 250 0 
-310 250 0 
-290 250 0 
-270 250 0 
-250 250 0 
-230 250 0 
-210 250 0 
-190 250 0 
-170 250 0 
-150 250 0 
-130 250 0 
-110 250 0 
-90 250 0 
-70 250 0 
-50 250 0 
-30 250 0 
-10 250 0 
10 250 0 
30 250 0 
50 250 0 
70 250 0 
90 250 0 
110 250 0 
130 250 0 
150 250 0 
170 250 0 
190 250 0 
210 250 0 
230 250 0 
250 250 0 
270 250 0 
290 250 0 
310 250 0 
330 250 0 
350 250 0 
370 250 0 
390 250 0 
410 250 0 
430 250 0 
450 250 0 
470 250 0 
490 250 0 
-490 270 0 
-470 270 0 
-450 270 0 
-430 270 0 
-410 270 0 
-390 270 0 
-370 270 0 
-350 270 0 
-330 270 0 
-310 270 0 
-290 270 0 
-270 270 0 
-250 270 0 
-230 270 0 
-210 270 0 
-190 270 0 
-170 270 0 
-150 270 0 
-130 270 0 
-110 270 0 
-90 270 0 
-70 270 0 
-50 270 0 
-30 270 0 
-10 270 0 
10 270 0 
30 270 0 
50 270 0 
70 270 0 
90 270 0 
110 270 0 
130 270 0 
150 270 0 
170 270 0 
190 270 0 
210 270 0 
230 270 0 
250 270 0 
270 270 0 
290 270 0 
310 270 0 
330 270 0 
350 270 0 
370 270 0 
390 270 0 
410 270 0 
430 270 0 
450 270 0 
470 270 0 
490 270 0 
-490 290 0 
-470 290 0 
-450 290 0 
-430 290 0 
-410 290 0 
-390 290 0 
-370 290 0 
-350 290 0 
-330 290 0 
-310 290 0 
-290 290 0 
-270 290 0 
-250 290 0 
-230 290 0 
-210 290 0 
-190 290 0 
-170 290 0 
-150 290 0 
-130 290 0 
-110 290 0 
-90 290 0 
-70 290 0 
-50 290 0 
-30 290 0 
-10 290 0 
10 290 0 
30 290 0 
50 290 0 
70 290 0 
90 290 0 
110 290 0 
130 290 0 
150 290 0 
170 290 0 
190 290 0 
210 290 0 
230 290 0 
250 290 0 
270 290 0 
290 290 0 
310 290 0 
330 290 0 
350 290 0 
370 290 0 
390 290 0 
410 290 0 
430 290 0 
450 290 0 
470 290 0 
490 290 0 
-490 310 0 
-470 310 0 
-450 310 0 
-430 310 0 
-410 310 0 
-390 310 0 
-370 310 0 
-350 310 0 
-330 310 0 
-310 310 0 
-290 310 0 
-270 310 0 
-250 310 0 
-230 310 0 
-210 310 0 
-190 310 0 
-170 310 0 
-150 310 0 
-130 310 0 
-110 310 0 
-90 310 0 
-70 310 0 
-50 310 0 
-30 310 0 
-10 310 0 
10 310 0 
30 310 0 
50 310 0 
70 310 0 
90 310 0 
110 310 0 
130 310 0 
150 310 0 
170 310 0 
190 310 0 
210 310 0 
230 310 0 
250 310 0 
270 310 0 
290 310 0 
310 310 0 
330 310 0 
350 310 0 
370 310 0 
390 310 0 
410 310 0 
430 310 0 
450 310 0 
470 310 0 
490 310 0 
-490 330 0 
-470 330 0 
-450 330 0 
-430 330 0 
-410 330 0 
-390 330 0 
-370 330 0 
-350 330 0 
-330 330 0 
-310 330 0 
-290 330 0 
-270 330 0 
-250 330 0 
-230 330 0 
-210 330 0 
-190 330 0 
-170 330 0 
-150 330 0 
-130 330 0 
-110 330 0 
-90 330 0 
-70 330 0 
-50 330 0 
-30 330 0 
-10 330 0 
10 330 0 
30 330 0 
50 330 0 
70 330 0 
90 330 0 
110 330 0 
130 330 0 
150 330 0 
170 330 0 
190 330 0 
210 330 0 
230 330 0 
250 330 0 
270 330 0 
290 330 0 
310 330 0 
330 330 0 
350 330 0 
370 330 0 
390 330 0 
410 330 0 
430 330 0 
450 330 0 
470 330 0 
490 330 0 
-490 350 0 
-470 350 0 
-450 350 0 
-430 350 0 
-410 350 0 
-390 350 0 
-370 350 0 
-350 350 0 
-330 350 0 
-310 350 0 
-290 350 0 
-270 350 0 
-250 350 0 
-230 350 0 
-210 350 0 
-190 350 0 
-170 350 0 
-150 350 0 
-130 350 0 
-110 350 0 
-90 350 0 
-70 350 0 
-50 350 0 
-30 350 0 
-10 350 0 
10 350 0 
30 350 0 
50 350 0 
70 350 0 
90 350 0 
110 350 0 
130 350 0 
150 350 0 
170 350 0 
190 350 0 
210 350 0 
230 350 0 
250 350 0 
270 350 0 
290 350 0 
310 350 0 
330 350 0 
350 350 0 
370 350 0 
390 350 0 
410 350 0 
430 350 0 
450 350 0 
470 350 0 
490 350 0 
-490 370 0 
-470 370 0 
-450 370 0 
-430 370 0 
-410 370 0 
-390 370 0 
-370 370 0 
-350 370 0 
-330 370 0 
-310 370 0 
-290 370 0 
-270 370 0 
-250 370 0 
-230 370 0 
-210 370 0 
-190 370 0 
-170 370 0 
-150 370 0 
-130 370 0 
-110 370 0 
-90 370 0 
-70 370 0 
-50 370 0 
-30 370 0 
-10 370 0 
10 370 0 
30 370 0 
50 370 0 
70 370 0 
90 370 0 
110 370 0 
130 370 0 
150 370 0 
170 370 0 
190 370 0 
210 370 0 
230 370 0 
250 370 0 
270 370 0 
290 370 0 
310 370 0 
330 370 0 
350 370 0 
370 370 0 
390 370 0 
410 370 0 
430 370 0 
450 370 0 
470 370 0 
490 370 0 
-490 390 0 
-470 390 0 
-450 390 0 
-430 390 0 
-410 390 0 
-390 390 0 
-370 390 0 
-350 390 0 
-330 390 0 
-310 390 0 
-290 390 0 
-270 390 0 
-250 390 0 
-230 390 0 
-210 390 0 
-190 390 0 
-170 390 0 
-150 390 0 
-130 390 0 
-110 390 0 
-90 390 0 
-70 390 0 
-50 390 0 
-30 390 0 
-10 390 0 
10 390 0 
30 390 0 
50 390 0 
70 390 0 
90 390 0 
110 390 0 
130 390 0 
150 390 0 
170 390 0 
190 390 0 
210 390 0 
230 390 0 
250 390 0 
270 390 0 
290 390 0 
310 390 0 
330 390 0 
350 390 0 
370 390 0 
390 390 0 
410 390 0 
430 390 0 
450 390 0 
470 390 0 
490 390 0 
-490 410 0 
-470 410 0 
-450 410 0 
-430 410 0 
-410 410 0 
-390 410 0 
-370 410 0 
-350 410 0 
-330 410 0 
-310 410 0 
-290 410 0 
-270 410 0 
-250 410 0 
-230 410 0 
-210 410 0 
-190 410 0 
-170 410 0 
-150 410 0 
-130 410 0 
-110 410 0 
-90 410 0 
-70 410 0 
-50 410 0 
-30 410 0 
-10 410 0 
10 410 0 
30 410 0 
50 410 0 
70 410 0 
90 410 0 
110 410 0 
130 410 0 
150 410 0 
170 410 0 
190 410 0 
210 410 0 
230 410 0 
250 410 0 
270 410 0 
290 410 0 
310 410 0 
330 410 0 
350 410 0 
370 410 0 
390 410 0 
410 410 0 
430 410 0 
450 410 0 
470 410 0 
490 410 0 
-490 430 0 
-470 430 0 
-450 430 0 
-430 430 0 
-410 430 0 
-390 430 0 
-370 430 0 
-350 430 0 
-330 430 0 
-310 430 0 
-290 430 0 
-270 430 0 
-250 430 0 
-230 430 0 
-210 430 0 
-190 430 0 
-170 430 0 
-150 430 0 
-130 430 0 
-110 430 0 
-90 430 0 
-70 430 0 
-50 430 0 
-30 430 0 
-10 430 0 
10 430 0 
30 430 0 
50 430 0 
70 430 0 
90 430 0 
110 430 0 
130 430 0 
150 430 0 
170 430 0 
190 430 0 
210 430 0 
230 430 0 
250 430 0 
270 430 0 
290 430 0 
310 430 0 
330 430 0 
350 430 0 
370 430 0 
390 430 0 
410 430 0 
430 430 0 
450 430 0 
470 430 0 
490 430 0 
-490 450 0 
-470 450 0 
-450 450 0 
-430 450 0 
-410 450 0 
-390 450 0 
-370 450 0 
-350 450 0 
-330 450 0 
-310 450 0 
-290 450 0 
-270 450 0 
-250 450 0 
-230 450 0 
-210 450 0 
-190 450 0 
-170 450 0 
-150 450 0 
-130 450 0 
-110 450 0 
-90 450 0 
-70 450 0 
-50 450 0 
-30 450 0 
-10 450 0 
10 450 0 
30 450 0 
50 450 0 
70 450 0 
90 450 0 
110 450 0 
130 450 0 
150 450 0 
170 450 0 
190 450 0 
210 450 0 
230 450 0 
250 450 0 
270 450 0 
290 450 0 
310 450 0 
330 450 0 
350 450 0 
370 450 0 
390 450 0 
410 450 0 
430 450 0 
450 450 0 
470 450 0 
490 450 0 
-490 470 0 
-470 470 0 
-450 470 0 
-430 470 0 
-410 470 0 
-390 470 0 
-370 470 0 
-350 470 0 
-330 470 0 
-310 470 0 
-290 470 0 
-270 470 0 
-250 470 0 
-230 470 0 
-210 470 0 
-190 470 0 
-170 470 0 
-150 470 0 
-130 470 0 
-110 470 0 
-90 470 0 
-70 470 0 
-50 470 0 
-30 470 0 
-10 470 0 
10 470 0 
30 470 0 
50 470 0 
70 470 0 
90 470 0 
110 470 0 
130 470 0 
150 470 0 
170 470 0 
190 470 0 
210 470 0 
230 470 0 
250 470 0 
270 470 0 
290 470 0 
310 470 0 
330 470 0 
350 470 0 
370 470 0 
390 470 0 
410 470 0 
430 470 0 
450 470 0 
470 470 0 
490 470 0 
-490 490 0 
-470 490 0 
-450 490 0 
-430 490 0 
-410 490 0 
-390 490 0 
-370 490 0 
-350 490 0 
-330 490 0 
-310 490 0 
-290 490 0 
-270 490 0 
-250 490 0 
-230 490 0 
-210 490 0 
-190 490 0 
-170 490 0 
-150 490 0 
-130 490 0 
-110 490 0 
-90 490 0 
-70 490 0 
-50 490 0 
-30 490 0 
-10 490 0 
10 490 0 
30 490 0 
50 490 0 
70 490 0 
90 490 0 
110 490 0 
130 490 0 
150 490 0 
170 490 0 
190 490 0 
210 490 0 
230 490 0 
250 490 0 
270 490 0 
290 490 0 
310 490 0 
330 490 0 
350 490 0 
370 490 0 
390 490 0 
410 490 0 
430 490 0 
450 490 0 
470 490 0 
490 490 0 

dirichlet_value_vectors:
38 0 
38 0 
38 0 
38 0 
38 0 
38 0 
38 0 
38 0 
38 0 
38 0 
38 0 
38 0 
38 0 
38 0 
38 0 
38 0 
38 0 
38 0 
38 0 
38 0 
38 0 
38 0 
38 0 
38 0 
38 0 
38 0 
38 0 
38 0 
38 0 
38 0 
38 0 
38 0 
38 0 
38 0 
38 0 
38 0 
38 0 
38 0 
38 0 
38 0 
38 0 
38 0 
38 0 
38 0 
38 0 
38 0 
38 0 
38 0 
38 0 
38 0 
38 0 
1 1 
1 1 
1 1 
1 1 
1 1 
1 1 
1 1 
1 1 
1 1 
1 1 
1 1 
1 1 
1 1 
1 1 
1 1 
1 1 
1 1 
1 1 
1 1 
1 1 
1 1 
1 1 
1 1 
1 1 
1 1 
1 1 
1 1 
1 1 
1 1 
1 1 
1 1 
1 1 
1 1 
1 1 
1 1 
1 1 
1 1 
1 1 
1 1 
1 1 
1 1 
1 1 
1 1 
1 1 
1 1 
1 1 
1 1 
1 1 
38 0 
38 0 
1 1 
1 1 
1 1 
1 1 
1 1 
1 1 
1 1 
1 1 
1 1 
1 1 
1 1 
1 1 
1 1 
1 1 
1 1 
1 1 
1 1 
1 1 
1 1 
1 1 
1 1 
1 1 
1 1 
1 1 
1 1 
1 1 
1 1 
1 1 
1 1 
1 1 
1 1 
1 1 
1 1 
1 1 
1 1 
1 1 
1 1 
1 1 
1 1 
1 1 
1 1 
1 1 
1 1 
1 1 
1 1 
1 1 
1 1 
1 1 
38 0 
38 0 
1 1 
1 1 
1 1 
1 1 
1 1 
1 1 
1 1 
1 1 
1 1 
1 1 
1 1 
1 1 
1 1 
1 1 
1 1 
1 1 
1 1 
1 1 
1 1 
1 1 
1 1 
1 1 
1 1 
1 1 
1 1 
1 1 
1 1 
1 1 
1 1 
1 1 
1 1 
1 1 
1 1 
1 1 
1 1 
1 1 
1 1 
1 1 
1 1 
1 1 
1 1 
1 1 
1 1 
1 1 
1 1 
1 1 
1 1 
1 1 
38 0 
38 0 
1 1 
1 1 
1 1 
1 1 
1 1 
1 1 
1 1 
1 1 
1 1 
1 1 
1 1 
1 1 
1 1 
1 1 
1 1 
1 1 
1 1 
1 1 
1 1 
1 1 
1 1 
1 1 
1 1 
1 1 
1 1 
1 1 
1 1 
1 1 
1 1 
1 1 
1 1 
1 1 
1 1 
1 1 
1 1 
1 1 
1 1 
1 1 
1 1 
1 1 
1 1 
1 1 
1 1 
1 1 
1 1 
1 1 
1 1 
1 1 
38 0 
38 0 
1 1 
1 1 
1 1 
1 1 
1 1 
1 1 
1 1 
1 1 
1 1 
1 1 
1 1 
1 1 
1 1 
1 1 
1 1 
1 1 
1 1 
1 1 
1 1 
1 1 
1 1 
1 1 
1 1 
1 1 
1 1 
1 1 
1 1 
1 1 
1 1 
1 1 
1 1 
1 1 
1 1 
1 1 
1 1 
1 1 
1 1 
1 1 
1 1 
1 1 
1 1 
1 1 
1 1 
1 1 
1 1 
1 1 
1 1 
1 1 
38 0 
38 0 
1 1 
1 1 
1 1 
1 1 
1 1 
1 1 
1 1 
1 1 
1 1 
1 1 
1 1 
1 1 
1 1 
1 1 
1 1 
1 1 
1 1 
1 1 
1 1 
1 1 
1 1 
1 1 
1 1 
1 1 
1 1 
1 1 
1 1 
1 1 
1 1 
1 1 
1 1 
1 1 
1 1 
1 1 
1 1 
1 1 
1 1 
1 1 
1 1 
1 1 
1 1 
1 1 
1 1 
1 1 
1 1 
1 1 
1 1 
1 1 
38 0 
38 0 
1 1 
1 1 
1 1 
1 1 
1 1 
1 1 
1 1 
1 1 
1 1 
1 1 
1 1 
1 1 
1 1 
1 1 
1 1 
1 1 
1 1 
1 1 
1 1 
1 1 
1 1 
1 1 
1 1 
1 1 
1 1 
1 1 
1 1 
1 1 
1 1 
1 1 
1 1 
1 1 
1 1 
1 1 
1 1 
1 1 
1 1 
1 1 
1 1 
1 1 
1 1 
1 1 
1 1 
1 1 
1 1 
1 1 
1 1 
1 1 
38 0 
38 0 
1 1 
1 1 
1 1 
1 1 
1 1 
1 1 
1 1 
1 1 
1 1 
1 1 
1 1 
1 1 
1 1 
1 1 
1 1 
1 1 
1 1 
1 1 
1 1 
1 1 
1 1 
1 1 
1 1 
1 1 
1 1 
1 1 
1 1 
1 1 
1 1 
1 1 
1 1 
1 1 
1 1 
1 1 
1 1 
1 1 
1 1 
1 1 
1 1 
1 1 
1 1 
1 1 
1 1 
1 1 
1 1 
1 1 
1 1 
1 1 
38 0 
38 0 
1 1 
1 1 
1 1 
1 1 
1 1 
1 1 
1 1 
1 1 
1 1 
1 1 
1 1 
1 1 
1 1 
1 1 
1 1 
1 1 
1 1 
1 1 
1 1 
1 1 
1 1 
1 1 
1 1 
1 1 
1 1 
1 1 
1 1 
1 1 
1 1 
1 1 
1 1 
1 1 
1 1 
1 1 
1 1 
1 1 
1 1 
1 1 
1 1 
1 1 
1 1 
1 1 
1 1 
1 1 
1 1 
1 1 
1 1 
1 1 
38 0 
38 0 
1 1 
1 1 
1 1 
1 1 
1 1 
1 1 
1 1 
1 1 
1 1 
1 1 
1 1 
1 1 
1 1 
1 1 
1 1 
1 1 
1 1 
1 1 
1 1 
1 1 
1 1 
1 1 
1 1 
1 1 
1 1 
1 1 
1 1 
1 1 
1 1 
1 1 
1 1 
1 1 
1 1 
1 1 
1 1 
1 1 
1 1 
1 1 
1 1 
1 1 
1 1 
1 1 
1 1 
1 1 
1 1 
1 1 
1 1 
1 1 
38 0 
38 0 
1 1 
1 1 
1 1 
1 1 
1 1 
1 1 
1 1 
1 1 
1 1 
1 1 
1 1 
1 1 
1 1 
1 1 
1 1 
1 1 
1 1 
1 1 
1 1 
1 1 
1 1 
1 1 
1 1 
1 1 
1 1 
1 1 
1 1 
1 1 
1 1 
1 1 
1 1 
1 1 
1 1 
1 1 
1 1 
1 1 
1 1 
1 1 
1 1 
1 1 
1 1 
1 1 
1 1 
1 1 
1 1 
1 1 
1 1 
1 1 
38 0 
38 0 
1 1 
1 1 
1 1 
1 1 
1 1 
1 1 
1 1 
1 1 
1 1 
1 1 
1 1 
1 1 
1 1 
1 1 
1 1 
1 1 
1 1 
1 1 
1 1 
1 1 
1 1 
1 1 
1 1 
1 1 
1 1 
1 1 
1 1 
1 1 
1 1 
1 1 
1 1 
1 1 
1 1 
1 1 
1 1 
1 1 
1 1 
1 1 
1 1 
1 1 
1 1 
1 1 
1 1 
1 1 
1 1 
1 1 
1 1 
1 1 
38 0 
38 0 
1 1 
1 1 
1 1 
1 1 
1 1 
1 1 
1 1 
1 1 
1 1 
1 1 
1 1 
1 1 
1 1 
1 1 
1 1 
1 1 
1 1 
1 1 
1 1 
1 1 
1 1 
1 1 
1 1 
1 1 
1 1 
1 1 
1 1 
1 1 
1 1 
1 1 
1 1 
1 1 
1 1 
1 1 
1 1 
1 1 
1 1 
1 1 
1 1 
1 1 
1 1 
1 1 
1 1 
1 1 
1 1 
1 1 
1 1 
1 1 
38 0 
38 0 
1 1 
1 1 
1 1 
1 1 
1 1 
1 1 
1 1 
1 1 
1 1 
1 1 
1 1 
1 1 
1 1 
1 1 
1 1 
1 1 
1 1 
1 1 
1 1 
1 1 
1 1 
1 1 
1 1 
1 1 
1 1 
1 1 
1 1 
1 1 
1 1 
1 1 
1 1 
1 1 
1 1 
1 1 
1 1 
1 1 
1 1 
1 1 
1 1 
1 1 
1 1 
1 1 
1 1 
1 1 
1 1 
1 1 
1 1 
1 1 
38 0 
38 0 
1 1 
1 1 
1 1 
1 1 
1 1 
1 1 
1 1 
1 1 
1 1 
1 1 
1 1 
1 1 
1 1 
1 1 
1 1 
1 1 
1 1 
1 1 
1 1 
1 1 
1 1 
1 1 
1 1 
1 1 
1 1 
1 1 
1 1 
1 1 
1 1 
1 1 
1 1 
1 1 
1 1 
1 1 
1 1 
1 1 
1 1 
1 1 
1 1 
1 1 
1 1 
1 1 
1 1 
1 1 
1 1 
1 1 
1 1 
1 1 
38 0 
38 0 
1 1 
1 1 
1 1 
1 1 
1 1 
1 1 
1 1 
1 1 
1 1 
1 1 
1 1 
1 1 
1 1 
1 1 
1 1 
1 1 
1 1 
1 1 
1 1 
1 1 
1 1 
1 1 
1 1 
1 1 
1 1 
1 1 
1 1 
1 1 
1 1 
1 1 
1 1 
1 1 
1 1 
1 1 
1 1 
1 1 
1 1 
1 1 
1 1 
1 1 
1 1 
1 1 
1 1 
1 1 
1 1 
1 1 
1 1 
1 1 
38 0 
38 0 
1 1 
1 1 
1 1 
1 1 
1 1 
1 1 
1 1 
1 1 
1 1 
1 1 
1 1 
1 1 
1 1 
1 1 
1 1 
1 1 
1 1 
1 1 
1 1 
1 1 
1 1 
1 1 
1 1 
1 1 
1 1 
1 1 
1 1 
1 1 
1 1 
1 1 
1 1 
1 1 
1 1 
1 1 
1 1 
1 1 
1 1 
1 1 
1 1 
1 1 
1 1 
1 1 
1 1 
1 1 
1 1 
1 1 
1 1 
1 1 
38 0 
38 0 
1 1 
1 1 
1 1 
1 1 
1 1 
1 1 
1 1 
1 1 
1 1 
1 1 
1 1 
1 1 
1 1 
1 1 
1 1 
1 1 
1 1 
1 1 
1 1 
1 1 
1 1 
1 1 
1 1 
1 1 
1 1 
1 1 
1 1 
1 1 
1 1 
1 1 
1 1 
1 1 
1 1 
1 1 
1 1 
1 1 
1 1 
1 1 
1 1 
1 1 
1 1 
1 1 
1 1 
1 1 
1 1 
1 1 
1 1 
1 1 
38 0 
38 0 
1 1 
1 1 
1 1 
1 1 
1 1 
1 1 
1 1 
1 1 
1 1 
1 1 
1 1 
1 1 
1 1 
1 1 
1 1 
1 1 
1 1 
1 1 
1 1 
1 1 
1 1 
1 1 
1 1 
1 1 
1 1 
1 1 
1 1 
1 1 
1 1 
1 1 
1 1 
1 1 
1 1 
1 1 
1 1 
1 1 
1 1 
1 1 
1 1 
1 1 
1 1 
1 1 
1 1 
1 1 
1 1 
1 1 
1 1 
1 1 
38 0 
38 0 
1 1 
1 1 
1 1 
1 1 
1 1 
1 1 
1 1 
1 1 
1 1 
1 1 
1 1 
1 1 
1 1 
1 1 
1 1 
1 1 
1 1 
1 1 
1 1 
1 1 
1 1 
1 1 
1 1 
1 1 
1 1 
1 1 
1 1 
1 1 
1 1 
1 1 
1 1 
1 1 
1 1 
1 1 
1 1 
1 1 
1 1 
1 1 
1 1 
1 1 
1 1 
1 1 
1 1 
1 1 
1 1 
1 1 
1 1 
1 1 
38 0 
38 0 
1 1 
1 1 
1 1 
1 1 
1 1 
1 1 
1 1 
1 1 
1 1 
1 1 
1 1 
1 1 
1 1 
1 1 
1 1 
1 1 
1 1 
1 1 
1 1 
1 1 
1 1 
1 1 
1 1 
1 1 
1 1 
1 1 
1 1 
1 1 
1 1 
1 1 
1 1 
1 1 
1 1 
1 1 
1 1 
1 1 
1 1 
1 1 
1 1 
1 1 
1 1 
1 1 
1 1 
1 1 
1 1 
1 1 
1 1 
1 1 
38 0 
38 0 
1 1 
1 1 
1 1 
1 1 
1 1 
1 1 
1 1 
1 1 
1 1 
1 1 
1 1 
1 1 
1 1 
1 1 
1 1 
1 1 
1 1 
1 1 
1 1 
1 1 
1 1 
1 1 
1 1 
1 1 
1 1 
1 1 
1 1 
1 1 
1 1 
1 1 
1 1 
1 1 
1 1 
1 1 
1 1 
1 1 
1 1 
1 1 
1 1 
1 1 
1 1 
1 1 
1 1 
1 1 
1 1 
1 1 
1 1 
1 1 
38 0 
38 0 
1 1 
1 1 
1 1 
1 1 
1 1 
1 1 
1 1 
1 1 
1 1 
1 1 
1 1 
1 1 
1 1 
1 1 
1 1 
1 1 
1 1 
1 1 
1 1 
1 1 
1 1 
1 1 
1 1 
1 1 
1 1 
1 1 
1 1 
1 1 
1 1 
1 1 
1 1 
1 1 
1 1 
1 1 
1 1 
1 1 
1 1 
1 1 
1 1 
1 1 
1 1 
1 1 
1 1 
1 1 
1 1 
1 1 
1 1 
1 1 
38 0 
38 0 
1 1 
1 1 
1 1 
1 1 
1 1 
1 1 
1 1 
1 1 
1 1 
1 1 
1 1 
1 1 
1 1 
1 1 
1 1 
1 1 
1 1 
1 1 
1 1 
1 1 
1 1 
1 1 
1 1 
1 1 
1 1 
1 1 
1 1 
1 1 
1 1 
1 1 
1 1 
1 1 
1 1 
1 1 
1 1 
1 1 
1 1 
1 1 
1 1 
1 1 
1 1 
1 1 
1 1 
1 1 
1 1 
1 1 
1 1 
1 1 
38 0 
38 0 
1 1 
1 1 
1 1 
1 1 
1 1 
1 1 
1 1 
1 1 
1 1 
1 1 
1 1 
1 1 
1 1 
1 1 
1 1 
1 1 
1 1 
1 1 
1 1 
1 1 
1 1 
1 1 
1 1 
1 1 
1 1 
1 1 
1 1 
1 1 
1 1 
1 1 
1 1 
1 1 
1 1 
1 1 
1 1 
1 1 
1 1 
1 1 
1 1 
1 1 
1 1 
1 1 
1 1 
1 1 
1 1 
1 1 
1 1 
1 1 
38 0 
38 0 
1 1 
1 1 
1 1 
1 1 
1 1 
1 1 
1 1 
1 1 
1 1 
1 1 
1 1 
1 1 
1 1 
1 1 
1 1 
1 1 
1 1 
1 1 
1 1 
1 1 
1 1 
1 1 
1 1 
1 1 
1 1 
1 1 
1 1 
1 1 
1 1 
1 1 
1 1 
1 1 
1 1 
1 1 
1 1 
1 1 
1 1 
1 1 
1 1 
1 1 
1 1 
1 1 
1 1 
1 1 
1 1 
1 1 
1 1 
1 1 
38 0 
38 0 
1 1 
1 1 
1 1 
1 1 
1 1 
1 1 
1 1 
1 1 
1 1 
1 1 
1 1 
1 1 
1 1 
1 1 
1 1 
1 1 
1 1 
1 1 
1 1 
1 1 
1 1 
1 1 
1 1 
1 1 
1 1 
1 1 
1 1 
1 1 
1 1 
1 1 
1 1 
1 1 
1 1 
1 1 
1 1 
1 1 
1 1 
1 1 
1 1 
1 1 
1 1 
1 1 
1 1 
1 1 
1 1 
1 1 
1 1 
1 1 
38 0 
38 0 
1 1 
1 1 
1 1 
1 1 
1 1 
1 1 
1 1 
1 1 
1 1 
1 1 
1 1 
1 1 
1 1 
1 1 
1 1 
1 1 
1 1 
1 1 
1 1 
1 1 
1 1 
1 1 
1 1 
1 1 
1 1 
1 1 
1 1 
1 1 
1 1 
1 1 
1 1 
1 1 
1 1 
1 1 
1 1 
1 1 
1 1 
1 1 
1 1 
1 1 
1 1 
1 1 
1 1 
1 1 
1 1 
1 1 
1 1 
1 1 
38 0 
38 0 
1 1 
1 1 
1 1 
1 1 
1 1 
1 1 
1 1 
1 1 
1 1 
1 1 
1 1 
1 1 
1 1 
1 1 
1 1 
1 1 
1 1 
1 1 
1 1 
1 1 
1 1 
1 1 
1 1 
1 1 
1 1 
1 1 
1 1 
1 1 
1 1 
1 1 
1 1 
1 1 
1 1 
1 1 
1 1 
1 1 
1 1 
1 1 
1 1 
1 1 
1 1 
1 1 
1 1 
1 1 
1 1 
1 1 
1 1 
1 1 
38 0 
38 0 
1 1 
1 1 
1 1 
1 1 
1 1 
1 1 
1 1 
1 1 
1 1 
1 1 
1 1 
1 1 
1 1 
1 1 
1 1 
1 1 
1 1 
1 1 
1 1 
1 1 
1 1 
1 1 
1 1 
1 1 
1 1 
1 1 
1 1 
1 1 
1 1 
1 1 
1 1 
1 1 
1 1 
1 1 
1 1 
1 1 
1 1 
1 1 
1 1 
1 1 
1 1 
1 1 
1 1 
1 1 
1 1 
1 1 
1 1 
1 1 
38 0 
38 0 
1 1 
1 1 
1 1 
1 1 
1 1 
1 1 
1 1 
1 1 
1 1 
1 1 
1 1 
1 1 
1 1 
1 1 
1 1 
1 1 
1 1 
1 1 
1 1 
1 1 
1 1 
1 1 
1 1 
1 1 
1 1 
1 1 
1 1 
1 1 
1 1 
1 1 
1 1 
1 1 
1 1 
1 1 
1 1 
1 1 
1 1 
1 1 
1 1 
1 1 
1 1 
1 1 
1 1 
1 1 
1 1 
1 1 
1 1 
1 1 
38 0 
38 0 
1 1 
1 1 
1 1 
1 1 
1 1 
1 1 
1 1 
1 1 
1 1 
1 1 
1 1 
1 1 
1 1 
1 1 
1 1 
1 1 
1 1 
1 1 
1 1 
1 1 
1 1 
1 1 
1 1 
1 1 
1 1 
1 1 
1 1 
1 1 
1 1 
1 1 
1 1 
1 1 
1 1 
1 1 
1 1 
1 1 
1 1 
1 1 
1 1 
1 1 
1 1 
1 1 
1 1 
1 1 
1 1 
1 1 
1 1 
1 1 
38 0 
38 0 
1 1 
1 1 
1 1 
1 1 
1 1 
1 1 
1 1 
1 1 
1 1 
1 1 
1 1 
1 1 
1 1 
1 1 
1 1 
1 1 
1 1 
1 1 
1 1 
1 1 
1 1 
1 1 
1 1 
1 1 
1 1 
1 1 
1 1 
1 1 
1 1 
1 1 
1 1 
1 1 
1 1 
1 1 
1 1 
1 1 
1 1 
1 1 
1 1 
1 1 
1 1 
1 1 
1 1 
1 1 
1 1 
1 1 
1 1 
1 1 
38 0 
38 0 
1 1 
1 1 
1 1 
1 1 
1 1 
1 1 
1 1 
1 1 
1 1 
1 1 
1 1 
1 1 
1 1 
1 1 
1 1 
1 1 
1 1 
1 1 
1 1 
1 1 
1 1 
1 1 
1 1 
1 1 
1 1 
1 1 
1 1 
1 1 
1 1 
1 1 
1 1 
1 1 
1 1 
1 1 
1 1 
1 1 
1 1 
1 1 
1 1 
1 1 
1 1 
1 1 
1 1 
1 1 
1 1 
1 1 
1 1 
1 1 
38 0 
38 0 
1 1 
1 1 
1 1 
1 1 
1 1 
1 1 
1 1 
1 1 
1 1 
1 1 
1 1 
1 1 
1 1 
1 1 
1 1 
1 1 
1 1 
1 1 
1 1 
1 1 
1 1 
1 1 
1 1 
1 1 
1 1 
1 1 
1 1 
1 1 
1 1 
1 1 
1 1 
1 1 
1 1 
1 1 
1 1 
1 1 
1 1 
1 1 
1 1 
1 1 
1 1 
1 1 
1 1 
1 1 
1 1 
1 1 
1 1 
1 1 
38 0 
38 0 
1 1 
1 1 
1 1 
1 1 
1 1 
1 1 
1 1 
1 1 
1 1 
1 1 
1 1 
1 1 
1 1 
1 1 
1 1 
1 1 
1 1 
1 1 
1 1 
1 1 
1 1 
1 1 
1 1 
1 1 
1 1 
1 1 
1 1 
1 1 
1 1 
1 1 
1 1 
1 1 
1 1 
1 1 
1 1 
1 1 
1 1 
1 1 
1 1 
1 1 
1 1 
1 1 
1 1 
1 1 
1 1 
1 1 
1 1 
1 1 
38 0 
38 0 
1 1 
1 1 
1 1 
1 1 
1 1 
1 1 
1 1 
1 1 
1 1 
1 1 
1 1 
1 1 
1 1 
1 1 
1 1 
1 1 
1 1 
1 1 
1 1 
1 1 
1 1 
1 1 
1 1 
1 1 
1 1 
1 1 
1 1 
1 1 
1 1 
1 1 
1 1 
1 1 
1 1 
1 1 
1 1 
1 1 
1 1 
1 1 
1 1 
1 1 
1 1 
1 1 
1 1 
1 1 
1 1 
1 1 
1 1 
1 1 
38 0 
38 0 
1 1 
1 1 
1 1 
1 1 
1 1 
1 1 
1 1 
1 1 
1 1 
1 1 
1 1 
1 1 
1 1 
1 1 
1 1 
1 1 
1 1 
1 1 
1 1 
1 1 
1 1 
1 1 
1 1 
1 1 
1 1 
1 1 
1 1 
1 1 
1 1 
1 1 
1 1 
1 1 
1 1 
1 1 
1 1 
1 1 
1 1 
1 1 
1 1 
1 1 
1 1 
1 1 
1 1 
1 1 
1 1 
1 1 
1 1 
1 1 
38 0 
38 0 
1 1 
1 1 
1 1 
1 1 
1 1 
1 1 
1 1 
1 1 
1 1 
1 1 
1 1 
1 1 
1 1 
1 1 
1 1 
1 1 
1 1 
1 1 
1 1 
1 1 
1 1 
1 1 
1 1 
1 1 
1 1 
1 1 
1 1 
1 1 
1 1 
1 1 
1 1 
1 1 
1 1 
1 1 
1 1 
1 1 
1 1 
1 1 
1 1 
1 1 
1 1 
1 1 
1 1 
1 1 
1 1 
1 1 
1 1 
1 1 
38 0 
38 0 
1 1 
1 1 
1 1 
1 1 
1 1 
1 1 
1 1 
1 1 
1 1 
1 1 
1 1 
1 1 
1 1 
1 1 
1 1 
1 1 
1 1 
1 1 
1 1 
1 1 
1 1 
1 1 
1 1 
1 1 
1 1 
1 1 
1 1 
1 1 
1 1 
1 1 
1 1 
1 1 
1 1 
1 1 
1 1 
1 1 
1 1 
1 1 
1 1 
1 1 
1 1 
1 1 
1 1 
1 1 
1 1 
1 1 
1 1 
1 1 
38 0 
38 0 
1 1 
1 1 
1 1 
1 1 
1 1 
1 1 
1 1 
1 1 
1 1 
1 1 
1 1 
1 1 
1 1 
1 1 
1 1 
1 1 
1 1 
1 1 
1 1 
1 1 
1 1 
1 1 
1 1 
1 1 
1 1 
1 1 
1 1 
1 1 
1 1 
1 1 
1 1 
1 1 
1 1 
1 1 
1 1 
1 1 
1 1 
1 1 
1 1 
1 1 
1 1 
1 1 
1 1 
1 1 
1 1 
1 1 
1 1 
1 1 
38 0 
38 0 
1 1 
1 1 
1 1 
1 1 
1 1 
1 1 
1 1 
1 1 
1 1 
1 1 
1 1 
1 1 
1 1 
1 1 
1 1 
1 1 
1 1 
1 1 
1 1 
1 1 
1 1 
1 1 
1 1 
1 1 
1 1 
1 1 
1 1 
1 1 
1 1 
1 1 
1 1 
1 1 
1 1 
1 1 
1 1 
1 1 
1 1 
1 1 
1 1 
1 1 
1 1 
1 1 
1 1 
1 1 
1 1 
1 1 
1 1 
1 1 
38 0 
38 0 
1 1 
1 1 
1 1 
1 1 
1 1 
1 1 
1 1 
1 1 
1 1 
1 1 
1 1 
1 1 
1 1 
1 1 
1 1 
1 1 
1 1 
1 1 
1 1 
1 1 
1 1 
1 1 
1 1 
1 1 
1 1 
1 1 
1 1 
1 1 
1 1 
1 1 
1 1 
1 1 
1 1 
1 1 
1 1 
1 1 
1 1 
1 1 
1 1 
1 1 
1 1 
1 1 
1 1 
1 1 
1 1 
1 1 
1 1 
1 1 
38 0 
38 0 
1 1 
1 1 
1 1 
1 1 
1 1 
1 1 
1 1 
1 1 
1 1 
1 1 
1 1 
1 1 
1 1 
1 1 
1 1 
1 1 
1 1 
1 1 
1 1 
1 1 
1 1 
1 1 
1 1 
1 1 
1 1 
1 1 
1 1 
1 1 
1 1 
1 1 
1 1 
1 1 
1 1 
1 1 
1 1 
1 1 
1 1 
1 1 
1 1 
1 1 
1 1 
1 1 
1 1 
1 1 
1 1 
1 1 
1 1 
1 1 
38 0 
38 0 
1 1 
1 1 
1 1 
1 1 
1 1 
1 1 
1 1 
1 1 
1 1 
1 1 
1 1 
1 1 
1 1 
1 1 
1 1 
1 1 
1 1 
1 1 
1 1 
1 1 
1 1 
1 1 
1 1 
1 1 
1 1 
1 1 
1 1 
1 1 
1 1 
1 1 
1 1 
1 1 
1 1 
1 1 
1 1 
1 1 
1 1 
1 1 
1 1 
1 1 
1 1 
1 1 
1 1 
1 1 
1 1 
1 1 
1 1 
1 1 
38 0 
38 0 
1 1 
1 1 
1 1 
1 1 
1 1 
1 1 
1 1 
1 1 
1 1 
1 1 
1 1 
1 1 
1 1 
1 1 
1 1 
1 1 
1 1 
1 1 
1 1 
1 1 
1 1 
1 1 
1 1 
1 1 
1 1 
1 1 
1 1 
1 1 
1 1 
1 1 
1 1 
1 1 
1 1 
1 1 
1 1 
1 1 
1 1 
1 1 
1 1 
1 1 
1 1 
1 1 
1 1 
1 1 
1 1 
1 1 
1 1 
1 1 
38 0 
38 0 
1 1 
1 1 
1 1 
1 1 
1 1 
1 1 
1 1 
1 1 
1 1 
1 1 
1 1 
1 1 
1 1 
1 1 
1 1 
1 1 
1 1 
1 1 
1 1 
1 1 
1 1 
1 1 
1 1 
1 1 
1 1 
1 1 
1 1 
1 1 
1 1 
1 1 
1 1 
1 1 
1 1 
1 1 
1 1 
1 1 
1 1 
1 1 
1 1 
1 1 
1 1 
1 1 
1 1 
1 1 
1 1 
1 1 
1 1 
1 1 
38 0 
38 0 
1 1 
1 1 
1 1 
1 1 
1 1 
1 1 
1 1 
1 1 
1 1 
1 1 
1 1 
1 1 
1 1 
1 1 
1 1 
1 1 
1 1 
1 1 
1 1 
1 1 
1 1 
1 1 
1 1 
1 1 
1 1 
1 1 
1 1 
1 1 
1 1 
1 1 
1 1 
1 1 
1 1 
1 1 
1 1 
1 1 
1 1 
1 1 
1 1 
1 1 
1 1 
1 1 
1 1 
1 1 
1 1 
1 1 
1 1 
1 1 
38 0 
38 0 
38 0 
38 0 
38 0 
38 0 
38 0 
38 0 
38 0 
38 0 
38 0 
38 0 
38 0 
38 0 
38 0 
38 0 
38 0 
38 0 
38 0 
38 0 
38 0 
38 0 
38 0 
38 0 
38 0 
38 0 
38 0 
38 0 
38 0 
38 0 
38 0 
38 0 
38 0 
38 0 
38 0 
38 0 
38 0 
38 0 
38 0 
38 0 
38 0 
38 0 
38 0 
38 0 
38 0 
38 0 
38 0 
38 0 
38 0 
38 0 
38 0 

dirichlet_activation_vector: false false 

dirichlet_activation_vectors:
true false 
true false 
true false 
true false 
true false 
true false 
true false 
true false 
true false 
true false 
true false 
true false 
true false 
true false 
true false 
true false 
true false 
true false 
true false 
true false 
true false 
true false 
true false 
true false 
true false 
true false 
true false 
true false 
true false 
true false 
true false 
true false 
true false 
true false 
true false 
true false 
true false 
true false 
true false 
true false 
true false 
true false 
true false 
true false 
true false 
true false 
true false 
true false 
true false 
true false 
true false 
false false 
false false 
false false 
false false 
false false 
false false 
false false 
false false 
false false 
false false 
false false 
false false 
false false 
false false 
false false 
false false 
false false 
false false 
false false 
false false 
false false 
false false 
false false 
false false 
false false 
false false 
false false 
false false 
false false 
false false 
false false 
false false 
false false 
false false 
false false 
false false 
false false 
false false 
false false 
false false 
false false 
false false 
false false 
false false 
false false 
false false 
false false 
false false 
true false 
true false 
false false 
false false 
false false 
false false 
false false 
false false 
false false 
false false 
false false 
false false 
false false 
false false 
false false 
false false 
false false 
false false 
false false 
false false 
false false 
false false 
false false 
false false 
false false 
false false 
false false 
false false 
false false 
false false 
false false 
false false 
false false 
false false 
false false 
false false 
false false 
false false 
false false 
false false 
false false 
false false 
false false 
false false 
false false 
false false 
false false 
false false 
false false 
false false 
true false 
true false 
false false 
false false 
false false 
false false 
false false 
false false 
false false 
false false 
false false 
false false 
false false 
false false 
false false 
false false 
false false 
false false 
false false 
false false 
false false 
false false 
false false 
false false 
false false 
false false 
false false 
false false 
false false 
false false 
false false 
false false 
false false 
false false 
false false 
false false 
false false 
false false 
false false 
false false 
false false 
false false 
false false 
false false 
false false 
false false 
false false 
false false 
false false 
false false 
true false 
true false 
false false 
false false 
false false 
false false 
false false 
false false 
false false 
false false 
false false 
false false 
false false 
false false 
false false 
false false 
false false 
false false 
false false 
false false 
false false 
false false 
false false 
false false 
false false 
false false 
false false 
false false 
false false 
false false 
false false 
false false 
false false 
false false 
false false 
false false 
false false 
false false 
false false 
false false 
false false 
false false 
false false 
false false 
false false 
false false 
false false 
false false 
false false 
false false 
true false 
true false 
false false 
false false 
false false 
false false 
false false 
false false 
false false 
false false 
false false 
false false 
false false 
false false 
false false 
false false 
false false 
false false 
false false 
false false 
false false 
false false 
false false 
false false 
false false 
false false 
false false 
false false 
false false 
false false 
false false 
false false 
false false 
false false 
false false 
false false 
false false 
false false 
false false 
false false 
false false 
false false 
false false 
false false 
false false 
false false 
false false 
false false 
false false 
false false 
true false 
true false 
false false 
false false 
false false 
false false 
false false 
false false 
false false 
false false 
false false 
false false 
false false 
false false 
false false 
false false 
false false 
false false 
false false 
false false 
false false 
false false 
false false 
false false 
false false 
false false 
false false 
false false 
false false 
false false 
false false 
false false 
false false 
false false 
false false 
false false 
false false 
false false 
false false 
false false 
false false 
false false 
false false 
false false 
false false 
false false 
false false 
false false 
false false 
false false 
true false 
true false 
false false 
false false 
false false 
false false 
false false 
false false 
false false 
false false 
false false 
false false 
false false 
false false 
false false 
false false 
false false 
false false 
false false 
false false 
false false 
false false 
false false 
false false 
false false 
false false 
false false 
false false 
false false 
false false 
false false 
false false 
false false 
false false 
false false 
false false 
false false 
false false 
false false 
false false 
false false 
false false 
false false 
false false 
false false 
false false 
false false 
false false 
false false 
false false 
true false 
true false 
false false 
false false 
false false 
false false 
false false 
false false 
false false 
false false 
false false 
false false 
false false 
false false 
false false 
false false 
false false 
false false 
false false 
false false 
false false 
false false 
false false 
false false 
false false 
false false 
false false 
false false 
false false 
false false 
false false 
false false 
false false 
false false 
false false 
false false 
false false 
false false 
false false 
false false 
false false 
false false 
false false 
false false 
false false 
false false 
false false 
false false 
false false 
false false 
true false 
true false 
false false 
false false 
false false 
false false 
false false 
false false 
false false 
false false 
false false 
false false 
false false 
false false 
false false 
false false 
false false 
false false 
false false 
false false 
false false 
false false 
false false 
false false 
false false 
false false 
false false 
false false 
false false 
false false 
false false 
false false 
false false 
false false 
false false 
false false 
false false 
false false 
false false 
false false 
false false 
false false 
false false 
false false 
false false 
false false 
false false 
false false 
false false 
false false 
true false 
true false 
false false 
false false 
false false 
false false 
false false 
false false 
false false 
false false 
false false 
false false 
false false 
false false 
false false 
false false 
false false 
false false 
false false 
false false 
false false 
false false 
false false 
false false 
false false 
false false 
false false 
false false 
false false 
false false 
false false 
false false 
false false 
false false 
false false 
false false 
false false 
false false 
false false 
false false 
false false 
false false 
false false 
false false 
false false 
false false 
false false 
false false 
false false 
false false 
true false 
true false 
false false 
false false 
false false 
false false 
false false 
false false 
false false 
false false 
false false 
false false 
false false 
false false 
false false 
false false 
false false 
false false 
false false 
false false 
false false 
false false 
false false 
false false 
false false 
false false 
false false 
false false 
false false 
false false 
false false 
false false 
false false 
false false 
false false 
false false 
false false 
false false 
false false 
false false 
false false 
false false 
false false 
false false 
false false 
false false 
false false 
false false 
false false 
false false 
true false 
true false 
false false 
false false 
false false 
false false 
false false 
false false 
false false 
false false 
false false 
false false 
false false 
false false 
false false 
false false 
false false 
false false 
false false 
false false 
false false 
false false 
false false 
false false 
false false 
false false 
false false 
false false 
false false 
false false 
false false 
false false 
false false 
false false 
false false 
false false 
false false 
false false 
false false 
false false 
false false 
false false 
false false 
false false 
false false 
false false 
false false 
false false 
false false 
false false 
true false 
true false 
false false 
false false 
false false 
false false 
false false 
false false 
false false 
false false 
false false 
false false 
false false 
false false 
false false 
false false 
false false 
false false 
false false 
false false 
false false 
false false 
false false 
false false 
false false 
false false 
false false 
false false 
false false 
false false 
false false 
false false 
false false 
false false 
false false 
false false 
false false 
false false 
false false 
false false 
false false 
false false 
false false 
false false 
false false 
false false 
false false 
false false 
false false 
false false 
true false 
true false 
false false 
false false 
false false 
false false 
false false 
false false 
false false 
false false 
false false 
false false 
false false 
false false 
false false 
false false 
false false 
false false 
false false 
false false 
false false 
false false 
false false 
false false 
false false 
false false 
false false 
false false 
false false 
false false 
false false 
false false 
false false 
false false 
false false 
false false 
false false 
false false 
false false 
false false 
false false 
false false 
false false 
false false 
false false 
false false 
false false 
false false 
false false 
false false 
true false 
true false 
false false 
false false 
false false 
false false 
false false 
false false 
false false 
false false 
false false 
false false 
false false 
false false 
false false 
false false 
false false 
false false 
false false 
false false 
false false 
false false 
false false 
false false 
false false 
false false 
false false 
false false 
false false 
false false 
false false 
false false 
false false 
false false 
false false 
false false 
false false 
false false 
false false 
false false 
false false 
false false 
false false 
false false 
false false 
false false 
false false 
false false 
false false 
false false 
true false 
true false 
false false 
false false 
false false 
false false 
false false 
false false 
false false 
false false 
false false 
false false 
false false 
false false 
false false 
false false 
false false 
false false 
false false 
false false 
false false 
false false 
false false 
false false 
false false 
false false 
false false 
false false 
false false 
false false 
false false 
false false 
false false 
false false 
false false 
false false 
false false 
false false 
false false 
false false 
false false 
false false 
false false 
false false 
false false 
false false 
false false 
false false 
false false 
false false 
true false 
true false 
false false 
false false 
false false 
false false 
false false 
false false 
false false 
false false 
false false 
false false 
false false 
false false 
false false 
false false 
false false 
false false 
false false 
false false 
false false 
false false 
false false 
false false 
false false 
false false 
false false 
false false 
false false 
false false 
false false 
false false 
false false 
false false 
false false 
false false 
false false 
false false 
false false 
false false 
false false 
false false 
false false 
false false 
false false 
false false 
false false 
false false 
false false 
false false 
true false 
true false 
false false 
false false 
false false 
false false 
false false 
false false 
false false 
false false 
false false 
false false 
false false 
false false 
false false 
false false 
false false 
false false 
false false 
false false 
false false 
false false 
false false 
false false 
false false 
false false 
false false 
false false 
false false 
false false 
false false 
false false 
false false 
false false 
false false 
false false 
false false 
false false 
false false 
false false 
false false 
false false 
false false 
false false 
false false 
false false 
false false 
false false 
false false 
false false 
true false 
true false 
false false 
false false 
false false 
false false 
false false 
false false 
false false 
false false 
false false 
false false 
false false 
false false 
false false 
false false 
false false 
false false 
false false 
false false 
false false 
false false 
false false 
false false 
false false 
false false 
false false 
false false 
false false 
false false 
false false 
false false 
false false 
false false 
false false 
false false 
false false 
false false 
false false 
false false 
false false 
false false 
false false 
false false 
false false 
false false 
false false 
false false 
false false 
false false 
true false 
true false 
false false 
false false 
false false 
false false 
false false 
false false 
false false 
false false 
false false 
false false 
false false 
false false 
false false 
false false 
false false 
false false 
false false 
false false 
false false 
false false 
false false 
false false 
false false 
false false 
false false 
false false 
false false 
false false 
false false 
false false 
false false 
false false 
false false 
false false 
false false 
false false 
false false 
false false 
false false 
false false 
false false 
false false 
false false 
false false 
false false 
false false 
false false 
false false 
true false 
true false 
false false 
false false 
false false 
false false 
false false 
false false 
false false 
false false 
false false 
false false 
false false 
false false 
false false 
false false 
false false 
false false 
false false 
false false 
false false 
false false 
false false 
false false 
false false 
false false 
false false 
false false 
false false 
false false 
false false 
false false 
false false 
false false 
false false 
false false 
false false 
false false 
false false 
false false 
false false 
false false 
false false 
false false 
false false 
false false 
false false 
false false 
false false 
false false 
true false 
true false 
false false 
false false 
false false 
false false 
false false 
false false 
false false 
false false 
false false 
false false 
false false 
false false 
false false 
false false 
false false 
false false 
false false 
false false 
false false 
false false 
false false 
false false 
false false 
false false 
false false 
false false 
false false 
false false 
false false 
false false 
false false 
false false 
false false 
false false 
false false 
false false 
false false 
false false 
false false 
false false 
false false 
false false 
false false 
false false 
false false 
false false 
false false 
false false 
true false 
true false 
false false 
false false 
false false 
false false 
false false 
false false 
false false 
false false 
false false 
false false 
false false 
false false 
false false 
false false 
false false 
false false 
false false 
false false 
false false 
false false 
false false 
false false 
false false 
false false 
false false 
false false 
false false 
false false 
false false 
false false 
false false 
false false 
false false 
false false 
false false 
false false 
false false 
false false 
false false 
false false 
false false 
false false 
false false 
false false 
false false 
false false 
false false 
false false 
true false 
true false 
false false 
false false 
false false 
false false 
false false 
false false 
false false 
false false 
false false 
false false 
false false 
false false 
false false 
false false 
false false 
false false 
false false 
false false 
false false 
false false 
false false 
false false 
false false 
false false 
false false 
false false 
false false 
false false 
false false 
false false 
false false 
false false 
false false 
false false 
false false 
false false 
false false 
false false 
false false 
false false 
false false 
false false 
false false 
false false 
false false 
false false 
false false 
false false 
true false 
true false 
false false 
false false 
false false 
false false 
false false 
false false 
false false 
false false 
false false 
false false 
false false 
false false 
false false 
false false 
false false 
false false 
false false 
false false 
false false 
false false 
false false 
false false 
false false 
false false 
false false 
false false 
false false 
false false 
false false 
false false 
false false 
false false 
false false 
false false 
false false 
false false 
false false 
false false 
false false 
false false 
false false 
false false 
false false 
false false 
false false 
false false 
false false 
false false 
true false 
true false 
false false 
false false 
false false 
false false 
false false 
false false 
false false 
false false 
false false 
false false 
false false 
false false 
false false 
false false 
false false 
false false 
false false 
false false 
false false 
false false 
false false 
false false 
false false 
false false 
false false 
false false 
false false 
false false 
false false 
false false 
false false 
false false 
false false 
false false 
false false 
false false 
false false 
false false 
false false 
false false 
false false 
false false 
false false 
false false 
false false 
false false 
false false 
false false 
true false 
true false 
false false 
false false 
false false 
false false 
false false 
false false 
false false 
false false 
false false 
false false 
false false 
false false 
false false 
false false 
false false 
false false 
false false 
false false 
false false 
false false 
false false 
false false 
false false 
false false 
false false 
false false 
false false 
false false 
false false 
false false 
false false 
false false 
false false 
false false 
false false 
false false 
false false 
false false 
false false 
false false 
false false 
false false 
false false 
false false 
false false 
false false 
false false 
false false 
true false 
true false 
false false 
false false 
false false 
false false 
false false 
false false 
false false 
false false 
false false 
false false 
false false 
false false 
false false 
false false 
false false 
false false 
false false 
false false 
false false 
false false 
false false 
false false 
false false 
false false 
false false 
false false 
false false 
false false 
false false 
false false 
false false 
false false 
false false 
false false 
false false 
false false 
false false 
false false 
false false 
false false 
false false 
false false 
false false 
false false 
false false 
false false 
false false 
false false 
true false 
true false 
false false 
false false 
false false 
false false 
false false 
false false 
false false 
false false 
false false 
false false 
false false 
false false 
false false 
false false 
false false 
false false 
false false 
false false 
false false 
false false 
false false 
false false 
false false 
false false 
false false 
false false 
false false 
false false 
false false 
false false 
false false 
false false 
false false 
false false 
false false 
false false 
false false 
false false 
false false 
false false 
false false 
false false 
false false 
false false 
false false 
false false 
false false 
false false 
true false 
true false 
false false 
false false 
false false 
false false 
false false 
false false 
false false 
false false 
false false 
false false 
false false 
false false 
false false 
false false 
false false 
false false 
false false 
false false 
false false 
false false 
false false 
false false 
false false 
false false 
false false 
false false 
false false 
false false 
false false 
false false 
false false 
false false 
false false 
false false 
false false 
false false 
false false 
false false 
false false 
false false 
false false 
false false 
false false 
false false 
false false 
false false 
false false 
false false 
true false 
true false 
false false 
false false 
false false 
false false 
false false 
false false 
false false 
false false 
false false 
false false 
false false 
false false 
false false 
false false 
false false 
false false 
false false 
false false 
false false 
false false 
false false 
false false 
false false 
false false 
false false 
false false 
false false 
false false 
false false 
false false 
false false 
false false 
false false 
false false 
false false 
false false 
false false 
false false 
false false 
false false 
false false 
false false 
false false 
false false 
false false 
false false 
false false 
false false 
true false 
true false 
false false 
false false 
false false 
false false 
false false 
false false 
false false 
false false 
false false 
false false 
false false 
false false 
false false 
false false 
false false 
false false 
false false 
false false 
false false 
false false 
false false 
false false 
false false 
false false 
false false 
false false 
false false 
false false 
false false 
false false 
false false 
false false 
false false 
false false 
false false 
false false 
false false 
false false 
false false 
false false 
false false 
false false 
false false 
false false 
false false 
false false 
false false 
false false 
true false 
true false 
false false 
false false 
false false 
false false 
false false 
false false 
false false 
false false 
false false 
false false 
false false 
false false 
false false 
false false 
false false 
false false 
false false 
false false 
false false 
false false 
false false 
false false 
false false 
false false 
false false 
false false 
false false 
false false 
false false 
false false 
false false 
false false 
false false 
false false 
false false 
false false 
false false 
false false 
false false 
false false 
false false 
false false 
false false 
false false 
false false 
false false 
false false 
false false 
true false 
true false 
false false 
false false 
false false 
false false 
false false 
false false 
false false 
false false 
false false 
false false 
false false 
false false 
false false 
false false 
false false 
false false 
false false 
false false 
false false 
false false 
false false 
false false 
false false 
false false 
false false 
false false 
false false 
false false 
false false 
false false 
false false 
false false 
false false 
false false 
false false 
false false 
false false 
false false 
false false 
false false 
false false 
false false 
false false 
false false 
false false 
false false 
false false 
false false 
true false 
true false 
false false 
false false 
false false 
false false 
false false 
false false 
false false 
false false 
false false 
false false 
false false 
false false 
false false 
false false 
false false 
false false 
false false 
false false 
false false 
false false 
false false 
false false 
false false 
false false 
false false 
false false 
false false 
false false 
false false 
false false 
false false 
false false 
false false 
false false 
false false 
false false 
false false 
false false 
false false 
false false 
false false 
false false 
false false 
false false 
false false 
false false 
false false 
false false 
true false 
true false 
false false 
false false 
false false 
false false 
false false 
false false 
false false 
false false 
false false 
false false 
false false 
false false 
false false 
false false 
false false 
false false 
false false 
false false 
false false 
false false 
false false 
false false 
false false 
false false 
false false 
false false 
false false 
false false 
false false 
false false 
false false 
false false 
false false 
false false 
false false 
false false 
false false 
false false 
false false 
false false 
false false 
false false 
false false 
false false 
false false 
false false 
false false 
false false 
true false 
true false 
false false 
false false 
false false 
false false 
false false 
false false 
false false 
false false 
false false 
false false 
false false 
false false 
false false 
false false 
false false 
false false 
false false 
false false 
false false 
false false 
false false 
false false 
false false 
false false 
false false 
false false 
false false 
false false 
false false 
false false 
false false 
false false 
false false 
false false 
false false 
false false 
false false 
false false 
false false 
false false 
false false 
false false 
false false 
false false 
false false 
false false 
false false 
false false 
true false 
true false 
false false 
false false 
false false 
false false 
false false 
false false 
false false 
false false 
false false 
false false 
false false 
false false 
false false 
false false 
false false 
false false 
false false 
false false 
false false 
false false 
false false 
false false 
false false 
false false 
false false 
false false 
false false 
false false 
false false 
false false 
false false 
false false 
false false 
false false 
false false 
false false 
false false 
false false 
false false 
false false 
false false 
false false 
false false 
false false 
false false 
false false 
false false 
false false 
true false 
true false 
false false 
false false 
false false 
false false 
false false 
false false 
false false 
false false 
false false 
false false 
false false 
false false 
false false 
false false 
false false 
false false 
false false 
false false 
false false 
false false 
false false 
false false 
false false 
false false 
false false 
false false 
false false 
false false 
false false 
false false 
false false 
false false 
false false 
false false 
false false 
false false 
false false 
false false 
false false 
false false 
false false 
false false 
false false 
false false 
false false 
false false 
false false 
false false 
true false 
true false 
false false 
false false 
false false 
false false 
false false 
false false 
false false 
false false 
false false 
false false 
false false 
false false 
false false 
false false 
false false 
false false 
false false 
false false 
false false 
false false 
false false 
false false 
false false 
false false 
false false 
false false 
false false 
false false 
false false 
false false 
false false 
false false 
false false 
false false 
false false 
false false 
false false 
false false 
false false 
false false 
false false 
false false 
false false 
false false 
false false 
false false 
false false 
false false 
true false 
true false 
false false 
false false 
false false 
false false 
false false 
false false 
false false 
false false 
false false 
false false 
false false 
false false 
false false 
false false 
false false 
false false 
false false 
false false 
false false 
false false 
false false 
false false 
false false 
false false 
false false 
false false 
false false 
false false 
false false 
false false 
false false 
false false 
false false 
false false 
false false 
false false 
false false 
false false 
false false 
false false 
false false 
false false 
false false 
false false 
false false 
false false 
false false 
false false 
true false 
true false 
false false 
false false 
false false 
false false 
false false 
false false 
false false 
false false 
false false 
false false 
false false 
false false 
false false 
false false 
false false 
false false 
false false 
false false 
false false 
false false 
false false 
false false 
false false 
false false 
false false 
false false 
false false 
false false 
false false 
false false 
false false 
false false 
false false 
false false 
false false 
false false 
false false 
false false 
false false 
false false 
false false 
false false 
false false 
false false 
false false 
false false 
false false 
false false 
true false 
true false 
false false 
false false 
false false 
false false 
false false 
false false 
false false 
false false 
false false 
false false 
false false 
false false 
false false 
false false 
false false 
false false 
false false 
false false 
false false 
false false 
false false 
false false 
false false 
false false 
false false 
false false 
false false 
false false 
false false 
false false 
false false 
false false 
false false 
false false 
false false 
false false 
false false 
false false 
false false 
false false 
false false 
false false 
false false 
false false 
false false 
false false 
false false 
false false 
true false 
true false 
false false 
false false 
false false 
false false 
false false 
false false 
false false 
false false 
false false 
false false 
false false 
false false 
false false 
false false 
false false 
false false 
false false 
false false 
false false 
false false 
false false 
false false 
false false 
false false 
false false 
false false 
false false 
false false 
false false 
false false 
false false 
false false 
false false 
false false 
false false 
false false 
false false 
false false 
false false 
false false 
false false 
false false 
false false 
false false 
false false 
false false 
false false 
false false 
true false 
true false 
false false 
false false 
false false 
false false 
false false 
false false 
false false 
false false 
false false 
false false 
false false 
false false 
false false 
false false 
false false 
false false 
false false 
false false 
false false 
false false 
false false 
false false 
false false 
false false 
false false 
false false 
false false 
false false 
false false 
false false 
false false 
false false 
false false 
false false 
false false 
false false 
false false 
false false 
false false 
false false 
false false 
false false 
false false 
false false 
false false 
false false 
false false 
false false 
true false 
true false 
false false 
false false 
false false 
false false 
false false 
false false 
false false 
false false 
false false 
false false 
false false 
false false 
false false 
false false 
false false 
false false 
false false 
false false 
false false 
false false 
false false 
false false 
false false 
false false 
false false 
false false 
false false 
false false 
false false 
false false 
false false 
false false 
false false 
false false 
false false 
false false 
false false 
false false 
false false 
false false 
false false 
false false 
false false 
false false 
false false 
false false 
false false 
false false 
true false 
true false 
false false 
false false 
false false 
false false 
false false 
false false 
false false 
false false 
false false 
false false 
false false 
false false 
false false 
false false 
false false 
false false 
false false 
false false 
false false 
false false 
false false 
false false 
false false 
false false 
false false 
false false 
false false 
false false 
false false 
false false 
false false 
false false 
false false 
false false 
false false 
false false 
false false 
false false 
false false 
false false 
false false 
false false 
false false 
false false 
false false 
false false 
false false 
false false 
true false 
true false 
false false 
false false 
false false 
false false 
false false 
false false 
false false 
false false 
false false 
false false 
false false 
false false 
false false 
false false 
false false 
false false 
false false 
false false 
false false 
false false 
false false 
false false 
false false 
false false 
false false 
false false 
false false 
false false 
false false 
false false 
false false 
false false 
false false 
false false 
false false 
false false 
false false 
false false 
false false 
false false 
false false 
false false 
false false 
false false 
false false 
false false 
false false 
false false 
true false 
true false 
true false 
true false 
true false 
true false 
true false 
true false 
true false 
true false 
true false 
true false 
true false 
true false 
true false 
true false 
true false 
true false 
true false 
true false 
true false 
true false 
true false 
true false 
true false 
true false 
true false 
true false 
true false 
true false 
true false 
true false 
true false 
true false 
true false 
true false 
true false 
true false 
true false 
true false 
true false 
true false 
true false 
true false 
true false 
true false 
true false 
true false 
true false 
true false 
true false 

